author,time,content
Ẩn danh,,"Hội những nhà đầu tư chứng khoán cá nhân. Nhóm Công khai   · 607,2K thành viên Tham gia nhóm Chia sẻ"
Cổ Phiếu Online,2025-10-02 15:35:55,"Tin đầu ngày 02.10.2025: Wall Street gần mức kỷ lục bất chấp shutdown chính phủ Chứng khoán  US500: +0,24%  US100: +0,42%  IBEX (tăng chung châu Âu)  SMI20 (tăng chung châu Âu)  DAX: +0,5%  FTSE 100: +0,6%  CAC: +0,2%  FTSE MIB: +0,2%  Nvidia: +3%  CoreWeave: +10%  Spotify: -6%  Netflix: -2% Tiền tệ  USDJPY: -0,5%  EURUSD: Giảm (từ 1,1770 xuống dưới 1,1730) Hàng hóa  Vàng: +0,3% (gần vượt 3.900 USD/ounce, +16% trong Q3)  Dầu thô: Tăng (phục hồi)  Platinum: -0,3%  Ca cao: -3,5%  Lúa mì: -2,5% Tin quan trọng  Rủi ro shutdown chính phủ Mỹ:  - Đảng Cộng hòa và Dân chủ chưa đạt thỏa thuận về dự luật tài trợ mới.  - Dân chủ muốn thêm quỹ cho y tế, Cộng hòa muốn mở rộng chi tiêu năm ngoái đến tháng 11. - Có thể ảnh hưởng đến 750.000 nhân viên liên bang. Trump có thể sa thải nhân viên từ Bộ Tư pháp.   Dữ liệu kinh tế Mỹ: - Báo cáo việc làm ADP: Giảm 32.000 việc làm trong tháng 9, tệ nhất kể từ tháng 1/2021; dữ liệu tháng 8 được điều chỉnh giảm. - : 49,1 điểm (dự báo đúng), tăng từ 48,7; chỉ số việc làm phục hồi nhưng dưới 50, chỉ số giá giảm nhẹ nhưng vẫn trên 60, chỉ số đơn hàng mới dưới 50. - Tồn kho dầu thô: +1,79 triệu thùng (vượt dự báo), trái ngược báo cáo API giảm 3,7 triệu. - US JOLTS Job Openings (tháng 8): 7,227 triệu (dự báo: 7,2 triệu; trước: 7,181 triệu). - : 94,2 (dự báo: 96; trước: 97,4, điều chỉnh 94,2). - Kỳ vọng lạm phát trung bình 12 tháng: Tăng lên 6,2% từ 5,7%.  Sự kiện sắp tới: - Cuộc họp OPEC+ vào Chủ nhật. - Báo cáo NFP Mỹ thứ Sáu (có thể trì hoãn do shutdown). Nguồn tổng hợp từ X.T.B
Tin đầu ngày 02.10.2025: Wall Street gần mức kỷ lục bất chấp shutdown chính phủ Chứng khoán  US500: +0,24%  US100: +0,42%  IBEX (tăng chung châu Âu)  SMI20 (tăng chung châu Âu)  DAX: +0,5%  FTSE 100: +0,6%  CAC: +0,2%  FTSE MIB: +0,2%  Nvidia: +3%  CoreWeave: +10%  Spotify: -6%  Netflix: -2% Tiền tệ  USDJPY: -0,5%  EURUSD: Giảm (từ 1,1770 xuống dưới 1,1730) Hàng hóa  Vàng: +0,3% (gần vượt 3.900 USD/ounce, +16% trong Q3)  Dầu thô: Tăng (phục hồi)  Platinum: -0,3%  Ca cao: -3,5%  Lúa mì: -2,5% Tin quan trọng  Rủi ro shutdown chính phủ Mỹ:  - Đảng Cộng hòa và Dân chủ chưa đạt thỏa thuận về dự luật tài trợ mới.  - Dân chủ muốn thêm quỹ cho y tế, Cộng hòa muốn mở rộng chi tiêu năm ngoái đến tháng 11. - Có thể ảnh hưởng đến 750.000 nhân viên liên bang. Trump có thể sa thải nhân viên từ Bộ Tư pháp.   Dữ liệu kinh tế Mỹ: - Báo cáo việc làm ADP: Giảm 32.000 việc làm trong tháng 9, tệ nhất kể từ tháng 1/2021; dữ liệu tháng 8 được điều chỉnh giảm. - : 49,1 điểm (dự báo đúng), tăng từ 48,7; chỉ số việc làm phục hồi nhưng dưới 50, chỉ số giá giảm nhẹ nhưng vẫn trên 60, chỉ số đơn hàng mới dưới 50. - Tồn kho dầu thô: +1,79 triệu thùng (vượt dự báo), trái ngược báo cáo API giảm 3,7 triệu. - US JOLTS Job Openings (tháng 8): 7,227 triệu (dự báo: 7,2 triệu; trước: 7,181 triệu). - : 94,2 (dự báo: 96; trước: 97,4, điều chỉnh 94,2). - Kỳ vọng lạm phát trung bình 12 tháng: Tăng lên 6,2% từ 5,7%.  Sự kiện sắp tới: - Cuộc họp OPEC+ vào Chủ nhật. - Báo cáo NFP Mỹ thứ Sáu (có thể trì hoãn do shutdown). Nguồn tổng hợp từ X.T.B
Tin đầu ngày 02.10.2025: Wall Street gần mức kỷ lục bất chấp shutdown chính phủ Chứng khoán  US500: +0,24%  US100: +0,42%  IBEX (tăng chung châu Âu)  SMI20 (tăng chung châu Âu)  DAX: +0,5%  FTSE 100: +0,6%  CAC: +0,2%  FTSE MIB: +0,2%  Nvidia: +3%  CoreWeave: +10%  Spotify: -6%  Netflix: -2% Tiền tệ  USDJPY: -0,5%  EURUSD: Giảm (từ 1,1770 xuống dưới 1,1730) Hàng hóa  Vàng: +0,3% (gần vượt 3.900 USD/ounce, +16% trong Q3)  Dầu thô: Tăng (phục hồi)  Platinum: -0,3%  Ca cao: -3,5%  Lúa mì: -2,5% Tin quan trọng  Rủi ro shutdown chính phủ Mỹ:  - Đảng Cộng hòa và Dân chủ chưa đạt thỏa thuận về dự luật tài trợ mới.  - Dân chủ muốn thêm quỹ cho y tế, Cộng hòa muốn mở rộng chi tiêu năm ngoái đến tháng 11. - Có thể ảnh hưởng đến 750.000 nhân viên liên bang. Trump có thể sa thải nhân viên từ Bộ Tư pháp.   Dữ liệu kinh tế Mỹ: - Báo cáo việc làm ADP: Giảm 32.000 việc làm trong tháng 9, tệ nhất kể từ tháng 1/2021; dữ liệu tháng 8 được điều chỉnh giảm. - : 49,1 điểm (dự báo đúng), tăng từ 48,7; chỉ số việc làm phục hồi nhưng dưới 50, chỉ số giá giảm nhẹ nhưng vẫn trên 60, chỉ số đơn hàng mới dưới 50. - Tồn kho dầu thô: +1,79 triệu thùng (vượt dự báo), trái ngược báo cáo API giảm 3,7 triệu. - US JOLTS Job Openings (tháng 8): 7,227 triệu (dự báo: 7,2 triệu; trước: 7,181 triệu). - : 94,2 (dự báo: 96; trước: 97,4, điều chỉnh 94,2). - Kỳ vọng lạm phát trung bình 12 tháng: Tăng lên 6,2% từ 5,7%.  Sự kiện sắp tới: - Cuộc họp OPEC+ vào Chủ nhật. - Báo cáo NFP Mỹ thứ Sáu (có thể trì hoãn do shutdown). Nguồn tổng hợp từ X.T.B
Tin đầu ngày 02.10.2025: Wall Street gần mức kỷ lục bất chấp shutdown chính phủ Chứng khoán  US500: +0,24%  US100: +0,42%  IBEX (tăng chung châu Âu)  SMI20 (tăng chung châu Âu)  DAX: +0,5%  FTSE 100: +0,6%  CAC: +0,2%  FTSE MIB: +0,2%  Nvidia: +3%  CoreWeave: +10%  Spotify: -6%  Netflix: -2% Tiền tệ  USDJPY: -0,5%  EURUSD: Giảm (từ 1,1770 xuống dưới 1,1730) Hàng hóa  Vàng: +0,3% (gần vượt 3.900 USD/ounce, +16% trong Q3)  Dầu thô: Tăng (phục hồi)  Platinum: -0,3%  Ca cao: -3,5%  Lúa mì: -2,5% Tin quan trọng  Rủi ro shutdown chính phủ Mỹ:  - Đảng Cộng hòa và Dân chủ chưa đạt thỏa thuận về dự luật tài trợ mới.  - Dân chủ muốn thêm quỹ cho y tế, Cộng hòa muốn mở rộng chi tiêu năm ngoái đến tháng 11. - Có thể ảnh hưởng đến 750.000 nhân viên liên bang. Trump có thể sa thải nhân viên từ Bộ Tư pháp.   Dữ liệu kinh tế Mỹ: - Báo cáo việc làm ADP: Giảm 32.000 việc làm trong tháng 9, tệ nhất kể từ tháng 1/2021; dữ liệu tháng 8 được điều chỉnh giảm. - : 49,1 điểm (dự báo đúng), tăng từ 48,7; chỉ số việc làm phục hồi nhưng dưới 50, chỉ số giá giảm nhẹ nhưng vẫn trên 60, chỉ số đơn hàng mới dưới 50. - Tồn kho dầu thô: +1,79 triệu thùng (vượt dự báo), trái ngược báo cáo API giảm 3,7 triệu. - US JOLTS Job Openings (tháng 8): 7,227 triệu (dự báo: 7,2 triệu; trước: 7,181 triệu). - : 94,2 (dự báo: 96; trước: 97,4, điều chỉnh 94,2). - Kỳ vọng lạm phát trung bình 12 tháng: Tăng lên 6,2% từ 5,7%.  Sự kiện sắp tới: - Cuộc họp OPEC+ vào Chủ nhật. - Báo cáo NFP Mỹ thứ Sáu (có thể trì hoãn do shutdown). Nguồn tổng hợp từ X.T.B
Tin đầu ngày 02.10.2025: Wall Street gần mức kỷ lục bất chấp shutdown chính phủ
Tin đầu ngày 02.10.2025: Wall Street gần mức kỷ lục bất chấp shutdown chính phủ
Chứng khoán
Chứng khoán
US500: +0,24%
US500: +0,24%
US100: +0,42%
US100: +0,42%
IBEX (tăng chung châu Âu)
IBEX (tăng chung châu Âu)
SMI20 (tăng chung châu Âu)
SMI20 (tăng chung châu Âu)
DAX: +0,5%
DAX: +0,5%
FTSE 100: +0,6%
FTSE 100: +0,6%
CAC: +0,2%
CAC: +0,2%
FTSE MIB: +0,2%
FTSE MIB: +0,2%
Nvidia: +3%
Nvidia: +3%
CoreWeave: +10%
CoreWeave: +10%
Spotify: -6%
Spotify: -6%
Netflix: -2%
Netflix: -2%
Tiền tệ
Tiền tệ
USDJPY: -0,5%
USDJPY: -0,5%
EURUSD: Giảm (từ 1,1770 xuống dưới 1,1730)
EURUSD: Giảm (từ 1,1770 xuống dưới 1,1730)
Hàng hóa
Hàng hóa
Vàng: +0,3% (gần vượt 3.900 USD/ounce, +16% trong Q3)
Vàng: +0,3% (gần vượt 3.900 USD/ounce, +16% trong Q3)
Dầu thô: Tăng (phục hồi)
Dầu thô: Tăng (phục hồi)
Platinum: -0,3%
Platinum: -0,3%
Ca cao: -3,5%
Ca cao: -3,5%
Lúa mì: -2,5%
Lúa mì: -2,5%
Tin quan trọng
Tin quan trọng
Rủi ro shutdown chính phủ Mỹ:
Rủi ro shutdown chính phủ Mỹ:
- Đảng Cộng hòa và Dân chủ chưa đạt thỏa thuận về dự luật tài trợ mới.
- Đảng Cộng hòa và Dân chủ chưa đạt thỏa thuận về dự luật tài trợ mới.
- Dân chủ muốn thêm quỹ cho y tế, Cộng hòa muốn mở rộng chi tiêu năm ngoái đến tháng 11.
- Dân chủ muốn thêm quỹ cho y tế, Cộng hòa muốn mở rộng chi tiêu năm ngoái đến tháng 11.
- Có thể ảnh hưởng đến 750.000 nhân viên liên bang. Trump có thể sa thải nhân viên từ Bộ Tư pháp.
- Có thể ảnh hưởng đến 750.000 nhân viên liên bang. Trump có thể sa thải nhân viên từ Bộ Tư pháp.
Dữ liệu kinh tế Mỹ:
Dữ liệu kinh tế Mỹ:
- Báo cáo việc làm ADP: Giảm 32.000 việc làm trong tháng 9, tệ nhất kể từ tháng 1/2021; dữ liệu tháng 8 được điều chỉnh giảm.
- Báo cáo việc làm ADP: Giảm 32.000 việc làm trong tháng 9, tệ nhất kể từ tháng 1/2021; dữ liệu tháng 8 được điều chỉnh giảm.
- : 49,1 điểm (dự báo đúng), tăng từ 48,7; chỉ số việc làm phục hồi nhưng dưới 50, chỉ số giá giảm nhẹ nhưng vẫn trên 60, chỉ số đơn hàng mới dưới 50.
- : 49,1 điểm (dự báo đúng), tăng từ 48,7; chỉ số việc làm phục hồi nhưng dưới 50, chỉ số giá giảm nhẹ nhưng vẫn trên 60, chỉ số đơn hàng mới dưới 50.
- Tồn kho dầu thô: +1,79 triệu thùng (vượt dự báo), trái ngược báo cáo API giảm 3,7 triệu.
- Tồn kho dầu thô: +1,79 triệu thùng (vượt dự báo), trái ngược báo cáo API giảm 3,7 triệu.
- US JOLTS Job Openings (tháng 8): 7,227 triệu (dự báo: 7,2 triệu; trước: 7,181 triệu).
- US JOLTS Job Openings (tháng 8): 7,227 triệu (dự báo: 7,2 triệu; trước: 7,181 triệu).
- : 94,2 (dự báo: 96; trước: 97,4, điều chỉnh 94,2).
- : 94,2 (dự báo: 96; trước: 97,4, điều chỉnh 94,2).
- Kỳ vọng lạm phát trung bình 12 tháng: Tăng lên 6,2% từ 5,7%.
- Kỳ vọng lạm phát trung bình 12 tháng: Tăng lên 6,2% từ 5,7%.
Sự kiện sắp tới:
Sự kiện sắp tới:
- Cuộc họp OPEC+ vào Chủ nhật.
- Cuộc họp OPEC+ vào Chủ nhật.
- Báo cáo NFP Mỹ thứ Sáu (có thể trì hoãn do shutdown).
- Báo cáo NFP Mỹ thứ Sáu (có thể trì hoãn do shutdown).
Nguồn tổng hợp từ X.T.B
Nguồn tổng hợp từ X.T.B
AE cầm FPT cẩn thận nhé, khả năng cao FPT sẽ có nhịp chỉnh về vùng 70-75 trong thời gian tới!!!
AE cầm FPT cẩn thận nhé, khả năng cao FPT sẽ có nhịp chỉnh về vùng 70-75 trong thời gian tới!!!
AE cầm FPT cẩn thận nhé, khả năng cao FPT sẽ có nhịp chỉnh về vùng 70-75 trong thời gian tới!!!
AE cầm FPT cẩn thận nhé, khả năng cao FPT sẽ có nhịp chỉnh về vùng 70-75 trong thời gian tới!!!
AE cầm FPT cẩn thận nhé, khả năng cao FPT sẽ có nhịp chỉnh về vùng 70-75 trong thời gian tới!!!
AE cầm FPT cẩn thận nhé, khả năng cao FPT sẽ có nhịp chỉnh về vùng 70-75 trong thời gian tới!!!
Chứng khoán _ Hồi nhẹ chớ vội mừng  Cùng nhìn lại vận động của 1 số cổ phiếu chứng khoán những phiên vừa qua  SSI :  Cổ phiếu vừa mới bắt đầu điều chỉnh và còn chưa bung thanh khoản.  Đã hình thành kênh giá giảm ma20 hướng xuống và lượng hàng kẹt trên 40 rất nhiều. Khó mà kéo lại trong ngắn hạn.  Ae còn hàng nên bán chờ cơ hội điểm mua rõ ràng hơn. MBS : Cổ phiếu đã có những phiên bật lại mạnh mẽ sau đà rơi 20% từ đỉnh. Tuy nhiên với lượng thanh khoản này chưa đủ để hấp thụ lượng hàng kẹt phía trên. Điểm hỗ trợ gần nhất quanh 32 và kháng cự mạnh vùng giá 36.  Hạn chế tham gia ở vùng giá này ,chờ cổ phiếu tái tích lũy bẻ ngang ma20 và lấy lại xu hướng tăng tham gia sẽ an toàn hơn . VCI : Xu hướng đi ngang tái tích lũy chưa có gì thay đổi. Hỗ trợ gẫn nhất quanh 41. Giảm hoặc tăng cần có phiên xác nhận  SHS : Cổ phiếu tái tích lũy, đi ngang với thanh khoản ôn hoà chưa có dấu hiệu điều chỉnh.  Tích cực nếu vượt ma20 đạt thanh khoản vượt lên vùng giá 27.  Bán khi quay đầu giảm dưới 25 thanh khoản lớn  VIX: Cổ phiếu vừa có 1 phiên khối lượng vào nhưng tăng không như kì vọng. Vùng thanh khoản lớn quanh 36-37 cần vượt dứt khoát, tiêu cực khi đóng nến dưới 36 theo dõi thanh khoản vận động, nếu bán vol lớn lên thoát hàng trong ngắn hạn
Chứng khoán _ Hồi nhẹ chớ vội mừng  Cùng nhìn lại vận động của 1 số cổ phiếu chứng khoán những phiên vừa qua  SSI :  Cổ phiếu vừa mới bắt đầu điều chỉnh và còn chưa bung thanh khoản.  Đã hình thành kênh giá giảm ma20 hướng xuống và lượng hàng kẹt trên 40 rất nhiều. Khó mà kéo lại trong ngắn hạn.  Ae còn hàng nên bán chờ cơ hội điểm mua rõ ràng hơn. MBS : Cổ phiếu đã có những phiên bật lại mạnh mẽ sau đà rơi 20% từ đỉnh. Tuy nhiên với lượng thanh khoản này chưa đủ để hấp thụ lượng hàng kẹt phía trên. Điểm hỗ trợ gần nhất quanh 32 và kháng cự mạnh vùng giá 36.  Hạn chế tham gia ở vùng giá này ,chờ cổ phiếu tái tích lũy bẻ ngang ma20 và lấy lại xu hướng tăng tham gia sẽ an toàn hơn . VCI : Xu hướng đi ngang tái tích lũy chưa có gì thay đổi. Hỗ trợ gẫn nhất quanh 41. Giảm hoặc tăng cần có phiên xác nhận  SHS : Cổ phiếu tái tích lũy, đi ngang với thanh khoản ôn hoà chưa có dấu hiệu điều chỉnh.  Tích cực nếu vượt ma20 đạt thanh khoản vượt lên vùng giá 27.  Bán khi quay đầu giảm dưới 25 thanh khoản lớn  VIX: Cổ phiếu vừa có 1 phiên khối lượng vào nhưng tăng không như kì vọng. Vùng thanh khoản lớn quanh 36-37 cần vượt dứt khoát, tiêu cực khi đóng nến dưới 36 theo dõi thanh khoản vận động, nếu bán vol lớn lên thoát hàng trong ngắn hạn
Chứng khoán _ Hồi nhẹ chớ vội mừng  Cùng nhìn lại vận động của 1 số cổ phiếu chứng khoán những phiên vừa qua  SSI :  Cổ phiếu vừa mới bắt đầu điều chỉnh và còn chưa bung thanh khoản.  Đã hình thành kênh giá giảm ma20 hướng xuống và lượng hàng kẹt trên 40 rất nhiều. Khó mà kéo lại trong ngắn hạn.  Ae còn hàng nên bán chờ cơ hội điểm mua rõ ràng hơn. MBS : Cổ phiếu đã có những phiên bật lại mạnh mẽ sau đà rơi 20% từ đỉnh. Tuy nhiên với lượng thanh khoản này chưa đủ để hấp thụ lượng hàng kẹt phía trên. Điểm hỗ trợ gần nhất quanh 32 và kháng cự mạnh vùng giá 36.  Hạn chế tham gia ở vùng giá này ,chờ cổ phiếu tái tích lũy bẻ ngang ma20 và lấy lại xu hướng tăng tham gia sẽ an toàn hơn . VCI : Xu hướng đi ngang tái tích lũy chưa có gì thay đổi. Hỗ trợ gẫn nhất quanh 41. Giảm hoặc tăng cần có phiên xác nhận  SHS : Cổ phiếu tái tích lũy, đi ngang với thanh khoản ôn hoà chưa có dấu hiệu điều chỉnh.  Tích cực nếu vượt ma20 đạt thanh khoản vượt lên vùng giá 27.  Bán khi quay đầu giảm dưới 25 thanh khoản lớn  VIX: Cổ phiếu vừa có 1 phiên khối lượng vào nhưng tăng không như kì vọng. Vùng thanh khoản lớn quanh 36-37 cần vượt dứt khoát, tiêu cực khi đóng nến dưới 36 theo dõi thanh khoản vận động, nếu bán vol lớn lên thoát hàng trong ngắn hạn
Chứng khoán _ Hồi nhẹ chớ vội mừng  Cùng nhìn lại vận động của 1 số cổ phiếu chứng khoán những phiên vừa qua  SSI :  Cổ phiếu vừa mới bắt đầu điều chỉnh và còn chưa bung thanh khoản.  Đã hình thành kênh giá giảm ma20 hướng xuống và lượng hàng kẹt trên 40 rất nhiều. Khó mà kéo lại trong ngắn hạn.  Ae còn hàng nên bán chờ cơ hội điểm mua rõ ràng hơn. MBS : Cổ phiếu đã có những phiên bật lại mạnh mẽ sau đà rơi 20% từ đỉnh. Tuy nhiên với lượng thanh khoản này chưa đủ để hấp thụ lượng hàng kẹt phía trên. Điểm hỗ trợ gần nhất quanh 32 và kháng cự mạnh vùng giá 36.  Hạn chế tham gia ở vùng giá này ,chờ cổ phiếu tái tích lũy bẻ ngang ma20 và lấy lại xu hướng tăng tham gia sẽ an toàn hơn . VCI : Xu hướng đi ngang tái tích lũy chưa có gì thay đổi. Hỗ trợ gẫn nhất quanh 41. Giảm hoặc tăng cần có phiên xác nhận  SHS : Cổ phiếu tái tích lũy, đi ngang với thanh khoản ôn hoà chưa có dấu hiệu điều chỉnh.  Tích cực nếu vượt ma20 đạt thanh khoản vượt lên vùng giá 27.  Bán khi quay đầu giảm dưới 25 thanh khoản lớn  VIX: Cổ phiếu vừa có 1 phiên khối lượng vào nhưng tăng không như kì vọng. Vùng thanh khoản lớn quanh 36-37 cần vượt dứt khoát, tiêu cực khi đóng nến dưới 36 theo dõi thanh khoản vận động, nếu bán vol lớn lên thoát hàng trong ngắn hạn
Chứng khoán _ Hồi nhẹ chớ vội mừng  Cùng nhìn lại vận động của 1 số cổ phiếu chứng khoán những phiên vừa qua  SSI :  Cổ phiếu vừa mới bắt đầu điều chỉnh và còn chưa bung thanh khoản.  Đã hình thành kênh giá giảm ma20 hướng xuống và lượng hàng kẹt trên 40 rất nhiều. Khó mà kéo lại trong ngắn hạn.  Ae còn hàng nên bán chờ cơ hội điểm mua rõ ràng hơn. MBS : Cổ phiếu đã có những phiên bật lại mạnh mẽ sau đà rơi 20% từ đỉnh. Tuy nhiên với lượng thanh khoản này chưa đủ để hấp thụ lượng hàng kẹt phía trên. Điểm hỗ trợ gần nhất quanh 32 và kháng cự mạnh vùng giá 36.  Hạn chế tham gia ở vùng giá này ,chờ cổ phiếu tái tích lũy bẻ ngang ma20 và lấy lại xu hướng tăng tham gia sẽ an toàn hơn . VCI : Xu hướng đi ngang tái tích lũy chưa có gì thay đổi. Hỗ trợ gẫn nhất quanh 41. Giảm hoặc tăng cần có phiên xác nhận  SHS : Cổ phiếu tái tích lũy, đi ngang với thanh khoản ôn hoà chưa có dấu hiệu điều chỉnh.  Tích cực nếu vượt ma20 đạt thanh khoản vượt lên vùng giá 27.  Bán khi quay đầu giảm dưới 25 thanh khoản lớn
Chứng khoán _ Hồi nhẹ chớ vội mừng
Cùng nhìn lại vận động của 1 số cổ phiếu chứng khoán những phiên vừa qua
SSI :
Cổ phiếu vừa mới bắt đầu điều chỉnh và còn chưa bung thanh khoản.
Đã hình thành kênh giá giảm ma20 hướng xuống và lượng hàng kẹt trên 40 rất nhiều. Khó mà kéo lại trong ngắn hạn.
Ae còn hàng nên bán chờ cơ hội điểm mua rõ ràng hơn.
MBS :
Cổ phiếu đã có những phiên bật lại mạnh mẽ sau đà rơi 20% từ đỉnh. Tuy nhiên với lượng thanh khoản này chưa đủ để hấp thụ lượng hàng kẹt phía trên.
Điểm hỗ trợ gần nhất quanh 32 và kháng cự mạnh vùng giá 36.
Hạn chế tham gia ở vùng giá này ,chờ cổ phiếu tái tích lũy bẻ ngang ma20 và lấy lại xu hướng tăng tham gia sẽ an toàn hơn .
VCI :
Xu hướng đi ngang tái tích lũy chưa có gì thay đổi.
Hỗ trợ gẫn nhất quanh 41. Giảm hoặc tăng cần có phiên xác nhận
SHS :
Cổ phiếu tái tích lũy, đi ngang với thanh khoản ôn hoà chưa có dấu hiệu điều chỉnh.
Tích cực nếu vượt ma20 đạt thanh khoản vượt lên vùng giá 27.  Bán khi quay đầu giảm dưới 25 thanh khoản lớn
VIX: Cổ phiếu vừa có 1 phiên khối lượng vào nhưng tăng không như kì vọng. Vùng thanh khoản lớn quanh 36-37 cần vượt dứt khoát, tiêu cực khi đóng nến dưới 36 theo dõi thanh khoản vận động, nếu bán vol lớn lên thoát hàng trong ngắn hạn
VIX:
Cổ phiếu vừa có 1 phiên khối lượng vào nhưng tăng không như kì vọng.
Vùng thanh khoản lớn quanh 36-37 cần vượt dứt khoát, tiêu cực khi đóng nến dưới 36 theo dõi thanh khoản vận động, nếu bán vol lớn lên thoát hàng trong ngắn hạn"
Ẩn danh,,Bạn viết gì đi... Cảm xúc/hoạt động Check in
Ẩn danh,,Đáng chú ý 6 mục mới Huy hiệu nội dung đáng chú ý
Cổ Phiếu Online,,"Tin đầu ngày 02.10.2025: Wall Street gần mức kỷ lục bất chấp shutdown chính phủ Chứng khoán  US500: +0,24%  US100: +0,42%  IBEX (tăng chung châu Âu)  SMI20 (tăng chung châu Âu)  DAX: +0,5%  FTSE 100: +0,6%  CAC: +0,2%  FTSE MIB: +0,2%  Nvidia: +3%  CoreWeave: +10%  Spotify: -6%  Netflix: -2% Tiền tệ  USDJPY: -0,5%  EURUSD: Giảm (từ 1,1770 xuống dưới 1,1730) Hàng hóa  Vàng: +0,3% (gần vượt 3.900 USD/ounce, +16% trong Q3)  Dầu thô: Tăng (phục hồi)  Platinum: -0,3%  Ca cao: -3,5%  Lúa mì: -2,5% Tin quan trọng  Rủi ro shutdown chính phủ Mỹ:  - Đảng Cộng hòa và Dân chủ chưa đạt thỏa thuận về dự luật tài trợ mới.  - Dân chủ muốn thêm quỹ cho y tế, Cộng hòa muốn mở rộng chi tiêu năm ngoái đến tháng 11. - Có thể ảnh hưởng đến 750.000 nhân viên liên bang. Trump có thể sa thải nhân viên từ Bộ Tư pháp.   Dữ liệu kinh tế Mỹ: - Báo cáo việc làm ADP: Giảm 32.000 việc làm trong tháng 9, tệ nhất kể từ tháng 1/2021; dữ liệu tháng 8 được điều chỉnh giảm. - : 49,1 điểm (dự báo đúng), tăng từ 48,7; chỉ số việc làm phục hồi nhưng dưới 50, chỉ số giá giảm nhẹ nhưng vẫn trên 60, chỉ số đơn hàng mới dưới 50. - Tồn kho dầu thô: +1,79 triệu thùng (vượt dự báo), trái ngược báo cáo API giảm 3,7 triệu. - US JOLTS Job Openings (tháng 8): 7,227 triệu (dự báo: 7,2 triệu; trước: 7,181 triệu). - : 94,2 (dự báo: 96; trước: 97,4, điều chỉnh 94,2). - Kỳ vọng lạm phát trung bình 12 tháng: Tăng lên 6,2% từ 5,7%.  Sự kiện sắp tới: - Cuộc họp OPEC+ vào Chủ nhật. - Báo cáo NFP Mỹ thứ Sáu (có thể trì hoãn do shutdown). Nguồn tổng hợp từ X.T.B
Tin đầu ngày 02.10.2025: Wall Street gần mức kỷ lục bất chấp shutdown chính phủ Chứng khoán  US500: +0,24%  US100: +0,42%  IBEX (tăng chung châu Âu)  SMI20 (tăng chung châu Âu)  DAX: +0,5%  FTSE 100: +0,6%  CAC: +0,2%  FTSE MIB: +0,2%  Nvidia: +3%  CoreWeave: +10%  Spotify: -6%  Netflix: -2% Tiền tệ  USDJPY: -0,5%  EURUSD: Giảm (từ 1,1770 xuống dưới 1,1730) Hàng hóa  Vàng: +0,3% (gần vượt 3.900 USD/ounce, +16% trong Q3)  Dầu thô: Tăng (phục hồi)  Platinum: -0,3%  Ca cao: -3,5%  Lúa mì: -2,5% Tin quan trọng  Rủi ro shutdown chính phủ Mỹ:  - Đảng Cộng hòa và Dân chủ chưa đạt thỏa thuận về dự luật tài trợ mới.  - Dân chủ muốn thêm quỹ cho y tế, Cộng hòa muốn mở rộng chi tiêu năm ngoái đến tháng 11. - Có thể ảnh hưởng đến 750.000 nhân viên liên bang. Trump có thể sa thải nhân viên từ Bộ Tư pháp.   Dữ liệu kinh tế Mỹ: - Báo cáo việc làm ADP: Giảm 32.000 việc làm trong tháng 9, tệ nhất kể từ tháng 1/2021; dữ liệu tháng 8 được điều chỉnh giảm. - : 49,1 điểm (dự báo đúng), tăng từ 48,7; chỉ số việc làm phục hồi nhưng dưới 50, chỉ số giá giảm nhẹ nhưng vẫn trên 60, chỉ số đơn hàng mới dưới 50. - Tồn kho dầu thô: +1,79 triệu thùng (vượt dự báo), trái ngược báo cáo API giảm 3,7 triệu. - US JOLTS Job Openings (tháng 8): 7,227 triệu (dự báo: 7,2 triệu; trước: 7,181 triệu). - : 94,2 (dự báo: 96; trước: 97,4, điều chỉnh 94,2). - Kỳ vọng lạm phát trung bình 12 tháng: Tăng lên 6,2% từ 5,7%.  Sự kiện sắp tới: - Cuộc họp OPEC+ vào Chủ nhật. - Báo cáo NFP Mỹ thứ Sáu (có thể trì hoãn do shutdown). Nguồn tổng hợp từ X.T.B
Tin đầu ngày 02.10.2025: Wall Street gần mức kỷ lục bất chấp shutdown chính phủ Chứng khoán  US500: +0,24%  US100: +0,42%  IBEX (tăng chung châu Âu)  SMI20 (tăng chung châu Âu)  DAX: +0,5%  FTSE 100: +0,6%  CAC: +0,2%  FTSE MIB: +0,2%  Nvidia: +3%  CoreWeave: +10%  Spotify: -6%  Netflix: -2% Tiền tệ  USDJPY: -0,5%  EURUSD: Giảm (từ 1,1770 xuống dưới 1,1730) Hàng hóa  Vàng: +0,3% (gần vượt 3.900 USD/ounce, +16% trong Q3)  Dầu thô: Tăng (phục hồi)  Platinum: -0,3%  Ca cao: -3,5%  Lúa mì: -2,5% Tin quan trọng  Rủi ro shutdown chính phủ Mỹ:  - Đảng Cộng hòa và Dân chủ chưa đạt thỏa thuận về dự luật tài trợ mới.  - Dân chủ muốn thêm quỹ cho y tế, Cộng hòa muốn mở rộng chi tiêu năm ngoái đến tháng 11. - Có thể ảnh hưởng đến 750.000 nhân viên liên bang. Trump có thể sa thải nhân viên từ Bộ Tư pháp.   Dữ liệu kinh tế Mỹ: - Báo cáo việc làm ADP: Giảm 32.000 việc làm trong tháng 9, tệ nhất kể từ tháng 1/2021; dữ liệu tháng 8 được điều chỉnh giảm. - : 49,1 điểm (dự báo đúng), tăng từ 48,7; chỉ số việc làm phục hồi nhưng dưới 50, chỉ số giá giảm nhẹ nhưng vẫn trên 60, chỉ số đơn hàng mới dưới 50. - Tồn kho dầu thô: +1,79 triệu thùng (vượt dự báo), trái ngược báo cáo API giảm 3,7 triệu. - US JOLTS Job Openings (tháng 8): 7,227 triệu (dự báo: 7,2 triệu; trước: 7,181 triệu). - : 94,2 (dự báo: 96; trước: 97,4, điều chỉnh 94,2). - Kỳ vọng lạm phát trung bình 12 tháng: Tăng lên 6,2% từ 5,7%.  Sự kiện sắp tới: - Cuộc họp OPEC+ vào Chủ nhật. - Báo cáo NFP Mỹ thứ Sáu (có thể trì hoãn do shutdown). Nguồn tổng hợp từ X.T.B
Tin đầu ngày 02.10.2025: Wall Street gần mức kỷ lục bất chấp shutdown chính phủ Chứng khoán  US500: +0,24%  US100: +0,42%  IBEX (tăng chung châu Âu)  SMI20 (tăng chung châu Âu)  DAX: +0,5%  FTSE 100: +0,6%  CAC: +0,2%  FTSE MIB: +0,2%  Nvidia: +3%  CoreWeave: +10%  Spotify: -6%  Netflix: -2% Tiền tệ  USDJPY: -0,5%  EURUSD: Giảm (từ 1,1770 xuống dưới 1,1730) Hàng hóa  Vàng: +0,3% (gần vượt 3.900 USD/ounce, +16% trong Q3)  Dầu thô: Tăng (phục hồi)  Platinum: -0,3%  Ca cao: -3,5%  Lúa mì: -2,5% Tin quan trọng  Rủi ro shutdown chính phủ Mỹ:  - Đảng Cộng hòa và Dân chủ chưa đạt thỏa thuận về dự luật tài trợ mới.  - Dân chủ muốn thêm quỹ cho y tế, Cộng hòa muốn mở rộng chi tiêu năm ngoái đến tháng 11. - Có thể ảnh hưởng đến 750.000 nhân viên liên bang. Trump có thể sa thải nhân viên từ Bộ Tư pháp.   Dữ liệu kinh tế Mỹ: - Báo cáo việc làm ADP: Giảm 32.000 việc làm trong tháng 9, tệ nhất kể từ tháng 1/2021; dữ liệu tháng 8 được điều chỉnh giảm. - : 49,1 điểm (dự báo đúng), tăng từ 48,7; chỉ số việc làm phục hồi nhưng dưới 50, chỉ số giá giảm nhẹ nhưng vẫn trên 60, chỉ số đơn hàng mới dưới 50. - Tồn kho dầu thô: +1,79 triệu thùng (vượt dự báo), trái ngược báo cáo API giảm 3,7 triệu. - US JOLTS Job Openings (tháng 8): 7,227 triệu (dự báo: 7,2 triệu; trước: 7,181 triệu). - : 94,2 (dự báo: 96; trước: 97,4, điều chỉnh 94,2). - Kỳ vọng lạm phát trung bình 12 tháng: Tăng lên 6,2% từ 5,7%.  Sự kiện sắp tới: - Cuộc họp OPEC+ vào Chủ nhật. - Báo cáo NFP Mỹ thứ Sáu (có thể trì hoãn do shutdown). Nguồn tổng hợp từ X.T.B
Tin đầu ngày 02.10.2025: Wall Street gần mức kỷ lục bất chấp shutdown chính phủ
Tin đầu ngày 02.10.2025: Wall Street gần mức kỷ lục bất chấp shutdown chính phủ
Chứng khoán
Chứng khoán
US500: +0,24%
US500: +0,24%
US100: +0,42%
US100: +0,42%
IBEX (tăng chung châu Âu)
IBEX (tăng chung châu Âu)
SMI20 (tăng chung châu Âu)
SMI20 (tăng chung châu Âu)
DAX: +0,5%
DAX: +0,5%
FTSE 100: +0,6%
FTSE 100: +0,6%
CAC: +0,2%
CAC: +0,2%
FTSE MIB: +0,2%
FTSE MIB: +0,2%
Nvidia: +3%
Nvidia: +3%
CoreWeave: +10%
CoreWeave: +10%
Spotify: -6%
Spotify: -6%
Netflix: -2%
Netflix: -2%
Tiền tệ
Tiền tệ
USDJPY: -0,5%
USDJPY: -0,5%
EURUSD: Giảm (từ 1,1770 xuống dưới 1,1730)
EURUSD: Giảm (từ 1,1770 xuống dưới 1,1730)
Hàng hóa
Hàng hóa
Vàng: +0,3% (gần vượt 3.900 USD/ounce, +16% trong Q3)
Vàng: +0,3% (gần vượt 3.900 USD/ounce, +16% trong Q3)
Dầu thô: Tăng (phục hồi)
Dầu thô: Tăng (phục hồi)
Platinum: -0,3%
Platinum: -0,3%
Ca cao: -3,5%
Ca cao: -3,5%
Lúa mì: -2,5%
Lúa mì: -2,5%
Tin quan trọng
Tin quan trọng
Rủi ro shutdown chính phủ Mỹ:
Rủi ro shutdown chính phủ Mỹ:
- Đảng Cộng hòa và Dân chủ chưa đạt thỏa thuận về dự luật tài trợ mới.
- Đảng Cộng hòa và Dân chủ chưa đạt thỏa thuận về dự luật tài trợ mới.
- Dân chủ muốn thêm quỹ cho y tế, Cộng hòa muốn mở rộng chi tiêu năm ngoái đến tháng 11.
- Dân chủ muốn thêm quỹ cho y tế, Cộng hòa muốn mở rộng chi tiêu năm ngoái đến tháng 11.
- Có thể ảnh hưởng đến 750.000 nhân viên liên bang. Trump có thể sa thải nhân viên từ Bộ Tư pháp.
- Có thể ảnh hưởng đến 750.000 nhân viên liên bang. Trump có thể sa thải nhân viên từ Bộ Tư pháp.
Dữ liệu kinh tế Mỹ:
Dữ liệu kinh tế Mỹ:
- Báo cáo việc làm ADP: Giảm 32.000 việc làm trong tháng 9, tệ nhất kể từ tháng 1/2021; dữ liệu tháng 8 được điều chỉnh giảm.
- Báo cáo việc làm ADP: Giảm 32.000 việc làm trong tháng 9, tệ nhất kể từ tháng 1/2021; dữ liệu tháng 8 được điều chỉnh giảm.
- : 49,1 điểm (dự báo đúng), tăng từ 48,7; chỉ số việc làm phục hồi nhưng dưới 50, chỉ số giá giảm nhẹ nhưng vẫn trên 60, chỉ số đơn hàng mới dưới 50.
- : 49,1 điểm (dự báo đúng), tăng từ 48,7; chỉ số việc làm phục hồi nhưng dưới 50, chỉ số giá giảm nhẹ nhưng vẫn trên 60, chỉ số đơn hàng mới dưới 50.
- Tồn kho dầu thô: +1,79 triệu thùng (vượt dự báo), trái ngược báo cáo API giảm 3,7 triệu.
- Tồn kho dầu thô: +1,79 triệu thùng (vượt dự báo), trái ngược báo cáo API giảm 3,7 triệu.
- US JOLTS Job Openings (tháng 8): 7,227 triệu (dự báo: 7,2 triệu; trước: 7,181 triệu).
- US JOLTS Job Openings (tháng 8): 7,227 triệu (dự báo: 7,2 triệu; trước: 7,181 triệu).
- : 94,2 (dự báo: 96; trước: 97,4, điều chỉnh 94,2).
- : 94,2 (dự báo: 96; trước: 97,4, điều chỉnh 94,2).
- Kỳ vọng lạm phát trung bình 12 tháng: Tăng lên 6,2% từ 5,7%.
- Kỳ vọng lạm phát trung bình 12 tháng: Tăng lên 6,2% từ 5,7%.
Sự kiện sắp tới:
Sự kiện sắp tới:
- Cuộc họp OPEC+ vào Chủ nhật.
- Cuộc họp OPEC+ vào Chủ nhật.
- Báo cáo NFP Mỹ thứ Sáu (có thể trì hoãn do shutdown).
- Báo cáo NFP Mỹ thứ Sáu (có thể trì hoãn do shutdown).
Nguồn tổng hợp từ X.T.B
Nguồn tổng hợp từ X.T.B"
Tung Nguyen,2025-10-02 15:36:11,"AE cầm FPT cẩn thận nhé, khả năng cao FPT sẽ có nhịp chỉnh về vùng 70-75 trong thời gian tới!!!
AE cầm FPT cẩn thận nhé, khả năng cao FPT sẽ có nhịp chỉnh về vùng 70-75 trong thời gian tới!!!
AE cầm FPT cẩn thận nhé, khả năng cao FPT sẽ có nhịp chỉnh về vùng 70-75 trong thời gian tới!!!
AE cầm FPT cẩn thận nhé, khả năng cao FPT sẽ có nhịp chỉnh về vùng 70-75 trong thời gian tới!!!
AE cầm FPT cẩn thận nhé, khả năng cao FPT sẽ có nhịp chỉnh về vùng 70-75 trong thời gian tới!!!
AE cầm FPT cẩn thận nhé, khả năng cao FPT sẽ có nhịp chỉnh về vùng 70-75 trong thời gian tới!!!"
Tung Nguyen,,: h 3 7 1 a  á i 2 m t g 4 5 m t 6 6 u 0 l t c i ú 9 h  h 7  4 9 h f 6  0 l   ·
Ẩn danh,,Xem thêm bình luận
Tác giả,2025-10-02 15:36:13,Tung Nguyen Tác giả FPT SẮP TIỆM CẬN 90 :((( 2 giờ Thích Trả lời Chia sẻ
Ẩn danh,2025-09-25 17:36:14,Thuong Uchiha Thật ko để đợi bạn ơi 1 tuần Thích Trả lời Chia sẻ Xem 1 phản hồi
Hiếu Đỗ Trung,2025-10-02 11:36:15,"Chứng khoán _ Hồi nhẹ chớ vội mừng  Cùng nhìn lại vận động của 1 số cổ phiếu chứng khoán những phiên vừa qua  SSI :  Cổ phiếu vừa mới bắt đầu điều chỉnh và còn chưa bung thanh khoản.  Đã hình thành kênh giá giảm ma20 hướng xuống và lượng hàng kẹt trên 40 rất nhiều. Khó mà kéo lại trong ngắn hạn.  Ae còn hàng nên bán chờ cơ hội điểm mua rõ ràng hơn. MBS : Cổ phiếu đã có những phiên bật lại mạnh mẽ sau đà rơi 20% từ đỉnh. Tuy nhiên với lượng thanh khoản này chưa đủ để hấp thụ lượng hàng kẹt phía trên. Điểm hỗ trợ gần nhất quanh 32 và kháng cự mạnh vùng giá 36.  Hạn chế tham gia ở vùng giá này ,chờ cổ phiếu tái tích lũy bẻ ngang ma20 và lấy lại xu hướng tăng tham gia sẽ an toàn hơn . VCI : Xu hướng đi ngang tái tích lũy chưa có gì thay đổi. Hỗ trợ gẫn nhất quanh 41. Giảm hoặc tăng cần có phiên xác nhận  SHS : Cổ phiếu tái tích lũy, đi ngang với thanh khoản ôn hoà chưa có dấu hiệu điều chỉnh.  Tích cực nếu vượt ma20 đạt thanh khoản vượt lên vùng giá 27.  Bán khi quay đầu giảm dưới 25 thanh khoản lớn  VIX: Cổ phiếu vừa có 1 phiên khối lượng vào nhưng tăng không như kì vọng. Vùng thanh khoản lớn quanh 36-37 cần vượt dứt khoát, tiêu cực khi đóng nến dưới 36 theo dõi thanh khoản vận động, nếu bán vol lớn lên thoát hàng trong ngắn hạn
Chứng khoán _ Hồi nhẹ chớ vội mừng  Cùng nhìn lại vận động của 1 số cổ phiếu chứng khoán những phiên vừa qua  SSI :  Cổ phiếu vừa mới bắt đầu điều chỉnh và còn chưa bung thanh khoản.  Đã hình thành kênh giá giảm ma20 hướng xuống và lượng hàng kẹt trên 40 rất nhiều. Khó mà kéo lại trong ngắn hạn.  Ae còn hàng nên bán chờ cơ hội điểm mua rõ ràng hơn. MBS : Cổ phiếu đã có những phiên bật lại mạnh mẽ sau đà rơi 20% từ đỉnh. Tuy nhiên với lượng thanh khoản này chưa đủ để hấp thụ lượng hàng kẹt phía trên. Điểm hỗ trợ gần nhất quanh 32 và kháng cự mạnh vùng giá 36.  Hạn chế tham gia ở vùng giá này ,chờ cổ phiếu tái tích lũy bẻ ngang ma20 và lấy lại xu hướng tăng tham gia sẽ an toàn hơn . VCI : Xu hướng đi ngang tái tích lũy chưa có gì thay đổi. Hỗ trợ gẫn nhất quanh 41. Giảm hoặc tăng cần có phiên xác nhận  SHS : Cổ phiếu tái tích lũy, đi ngang với thanh khoản ôn hoà chưa có dấu hiệu điều chỉnh.  Tích cực nếu vượt ma20 đạt thanh khoản vượt lên vùng giá 27.  Bán khi quay đầu giảm dưới 25 thanh khoản lớn  VIX: Cổ phiếu vừa có 1 phiên khối lượng vào nhưng tăng không như kì vọng. Vùng thanh khoản lớn quanh 36-37 cần vượt dứt khoát, tiêu cực khi đóng nến dưới 36 theo dõi thanh khoản vận động, nếu bán vol lớn lên thoát hàng trong ngắn hạn
Chứng khoán _ Hồi nhẹ chớ vội mừng  Cùng nhìn lại vận động của 1 số cổ phiếu chứng khoán những phiên vừa qua  SSI :  Cổ phiếu vừa mới bắt đầu điều chỉnh và còn chưa bung thanh khoản.  Đã hình thành kênh giá giảm ma20 hướng xuống và lượng hàng kẹt trên 40 rất nhiều. Khó mà kéo lại trong ngắn hạn.  Ae còn hàng nên bán chờ cơ hội điểm mua rõ ràng hơn. MBS : Cổ phiếu đã có những phiên bật lại mạnh mẽ sau đà rơi 20% từ đỉnh. Tuy nhiên với lượng thanh khoản này chưa đủ để hấp thụ lượng hàng kẹt phía trên. Điểm hỗ trợ gần nhất quanh 32 và kháng cự mạnh vùng giá 36.  Hạn chế tham gia ở vùng giá này ,chờ cổ phiếu tái tích lũy bẻ ngang ma20 và lấy lại xu hướng tăng tham gia sẽ an toàn hơn . VCI : Xu hướng đi ngang tái tích lũy chưa có gì thay đổi. Hỗ trợ gẫn nhất quanh 41. Giảm hoặc tăng cần có phiên xác nhận  SHS : Cổ phiếu tái tích lũy, đi ngang với thanh khoản ôn hoà chưa có dấu hiệu điều chỉnh.  Tích cực nếu vượt ma20 đạt thanh khoản vượt lên vùng giá 27.  Bán khi quay đầu giảm dưới 25 thanh khoản lớn  VIX: Cổ phiếu vừa có 1 phiên khối lượng vào nhưng tăng không như kì vọng. Vùng thanh khoản lớn quanh 36-37 cần vượt dứt khoát, tiêu cực khi đóng nến dưới 36 theo dõi thanh khoản vận động, nếu bán vol lớn lên thoát hàng trong ngắn hạn
Chứng khoán _ Hồi nhẹ chớ vội mừng  Cùng nhìn lại vận động của 1 số cổ phiếu chứng khoán những phiên vừa qua  SSI :  Cổ phiếu vừa mới bắt đầu điều chỉnh và còn chưa bung thanh khoản.  Đã hình thành kênh giá giảm ma20 hướng xuống và lượng hàng kẹt trên 40 rất nhiều. Khó mà kéo lại trong ngắn hạn.  Ae còn hàng nên bán chờ cơ hội điểm mua rõ ràng hơn. MBS : Cổ phiếu đã có những phiên bật lại mạnh mẽ sau đà rơi 20% từ đỉnh. Tuy nhiên với lượng thanh khoản này chưa đủ để hấp thụ lượng hàng kẹt phía trên. Điểm hỗ trợ gần nhất quanh 32 và kháng cự mạnh vùng giá 36.  Hạn chế tham gia ở vùng giá này ,chờ cổ phiếu tái tích lũy bẻ ngang ma20 và lấy lại xu hướng tăng tham gia sẽ an toàn hơn . VCI : Xu hướng đi ngang tái tích lũy chưa có gì thay đổi. Hỗ trợ gẫn nhất quanh 41. Giảm hoặc tăng cần có phiên xác nhận  SHS : Cổ phiếu tái tích lũy, đi ngang với thanh khoản ôn hoà chưa có dấu hiệu điều chỉnh.  Tích cực nếu vượt ma20 đạt thanh khoản vượt lên vùng giá 27.  Bán khi quay đầu giảm dưới 25 thanh khoản lớn  VIX: Cổ phiếu vừa có 1 phiên khối lượng vào nhưng tăng không như kì vọng. Vùng thanh khoản lớn quanh 36-37 cần vượt dứt khoát, tiêu cực khi đóng nến dưới 36 theo dõi thanh khoản vận động, nếu bán vol lớn lên thoát hàng trong ngắn hạn
Chứng khoán _ Hồi nhẹ chớ vội mừng  Cùng nhìn lại vận động của 1 số cổ phiếu chứng khoán những phiên vừa qua  SSI :  Cổ phiếu vừa mới bắt đầu điều chỉnh và còn chưa bung thanh khoản.  Đã hình thành kênh giá giảm ma20 hướng xuống và lượng hàng kẹt trên 40 rất nhiều. Khó mà kéo lại trong ngắn hạn.  Ae còn hàng nên bán chờ cơ hội điểm mua rõ ràng hơn. MBS : Cổ phiếu đã có những phiên bật lại mạnh mẽ sau đà rơi 20% từ đỉnh. Tuy nhiên với lượng thanh khoản này chưa đủ để hấp thụ lượng hàng kẹt phía trên. Điểm hỗ trợ gần nhất quanh 32 và kháng cự mạnh vùng giá 36.  Hạn chế tham gia ở vùng giá này ,chờ cổ phiếu tái tích lũy bẻ ngang ma20 và lấy lại xu hướng tăng tham gia sẽ an toàn hơn . VCI : Xu hướng đi ngang tái tích lũy chưa có gì thay đổi. Hỗ trợ gẫn nhất quanh 41. Giảm hoặc tăng cần có phiên xác nhận  SHS : Cổ phiếu tái tích lũy, đi ngang với thanh khoản ôn hoà chưa có dấu hiệu điều chỉnh.  Tích cực nếu vượt ma20 đạt thanh khoản vượt lên vùng giá 27.  Bán khi quay đầu giảm dưới 25 thanh khoản lớn
Chứng khoán _ Hồi nhẹ chớ vội mừng
Cùng nhìn lại vận động của 1 số cổ phiếu chứng khoán những phiên vừa qua
SSI :
Cổ phiếu vừa mới bắt đầu điều chỉnh và còn chưa bung thanh khoản.
Đã hình thành kênh giá giảm ma20 hướng xuống và lượng hàng kẹt trên 40 rất nhiều. Khó mà kéo lại trong ngắn hạn.
Ae còn hàng nên bán chờ cơ hội điểm mua rõ ràng hơn.
MBS :
Cổ phiếu đã có những phiên bật lại mạnh mẽ sau đà rơi 20% từ đỉnh. Tuy nhiên với lượng thanh khoản này chưa đủ để hấp thụ lượng hàng kẹt phía trên.
Điểm hỗ trợ gần nhất quanh 32 và kháng cự mạnh vùng giá 36.
Hạn chế tham gia ở vùng giá này ,chờ cổ phiếu tái tích lũy bẻ ngang ma20 và lấy lại xu hướng tăng tham gia sẽ an toàn hơn .
VCI :
Xu hướng đi ngang tái tích lũy chưa có gì thay đổi.
Hỗ trợ gẫn nhất quanh 41. Giảm hoặc tăng cần có phiên xác nhận
SHS :
Cổ phiếu tái tích lũy, đi ngang với thanh khoản ôn hoà chưa có dấu hiệu điều chỉnh.
Tích cực nếu vượt ma20 đạt thanh khoản vượt lên vùng giá 27.  Bán khi quay đầu giảm dưới 25 thanh khoản lớn
VIX: Cổ phiếu vừa có 1 phiên khối lượng vào nhưng tăng không như kì vọng. Vùng thanh khoản lớn quanh 36-37 cần vượt dứt khoát, tiêu cực khi đóng nến dưới 36 theo dõi thanh khoản vận động, nếu bán vol lớn lên thoát hàng trong ngắn hạn
VIX:
Cổ phiếu vừa có 1 phiên khối lượng vào nhưng tăng không như kì vọng.
Vùng thanh khoản lớn quanh 36-37 cần vượt dứt khoát, tiêu cực khi đóng nến dưới 36 theo dõi thanh khoản vận động, nếu bán vol lớn lên thoát hàng trong ngắn hạn"
Tác giả,2025-10-02 11:36:23,"Hiếu Đỗ Trung Tác giả Chứng cứ phải từ từ Ac ạ, ko kì vọng kéo sốc ngay 6 giờ Thích Trả lời Chia sẻ"
Ẩn danh,,"HCM NHỊP PHỤC HỒI CHO NHÓM NGÀNH CHỨNG KHOÁN. - Về góc nhìn tổng quan phần lớn các cổ phiếu của nhóm ngành chứng khoán đều điều chỉnh giảm rơi về những ngưỡng hỗ trợ rất mạnh kèm theo đó thanh khoản suy kiệt cho thấy lực cung không còn nhiều và phiên ngày hôm nay có một số cổ phiếu bật tăng trở lại từ hỗ trợ như TCI MBS..... - HCM trong phiên ngày 24/9 cho tín hiệu đảo chiều tăng giá khi giá giảm về hỗ trợ vùng 26, trong 3 phiên gần đây giá của cổ phiếu HCM quay về test lại vùng 26 lần nữa và cho tín hiệu test thành công cho điêm mua an toàn. Anh chị tham khảo mở mua HCM vùng giá hiện tại.
HCM NHỊP PHỤC HỒI CHO NHÓM NGÀNH CHỨNG KHOÁN. - Về góc nhìn tổng quan phần lớn các cổ phiếu của nhóm ngành chứng khoán đều điều chỉnh giảm rơi về những ngưỡng hỗ trợ rất mạnh kèm theo đó thanh khoản suy kiệt cho thấy lực cung không còn nhiều và phiên ngày hôm nay có một số cổ phiếu bật tăng trở lại từ hỗ trợ như TCI MBS..... - HCM trong phiên ngày 24/9 cho tín hiệu đảo chiều tăng giá khi giá giảm về hỗ trợ vùng 26, trong 3 phiên gần đây giá của cổ phiếu HCM quay về test lại vùng 26 lần nữa và cho tín hiệu test thành công cho điêm mua an toàn. Anh chị tham khảo mở mua HCM vùng giá hiện tại.
HCM NHỊP PHỤC HỒI CHO NHÓM NGÀNH CHỨNG KHOÁN. - Về góc nhìn tổng quan phần lớn các cổ phiếu của nhóm ngành chứng khoán đều điều chỉnh giảm rơi về những ngưỡng hỗ trợ rất mạnh kèm theo đó thanh khoản suy kiệt cho thấy lực cung không còn nhiều và phiên ngày hôm nay có một số cổ phiếu bật tăng trở lại từ hỗ trợ như TCI MBS..... - HCM trong phiên ngày 24/9 cho tín hiệu đảo chiều tăng giá khi giá giảm về hỗ trợ vùng 26, trong 3 phiên gần đây giá của cổ phiếu HCM quay về test lại vùng 26 lần nữa và cho tín hiệu test thành công cho điêm mua an toàn. Anh chị tham khảo mở mua HCM vùng giá hiện tại.
HCM NHỊP PHỤC HỒI CHO NHÓM NGÀNH CHỨNG KHOÁN. - Về góc nhìn tổng quan phần lớn các cổ phiếu của nhóm ngành chứng khoán đều điều chỉnh giảm rơi về những ngưỡng hỗ trợ rất mạnh kèm theo đó thanh khoản suy kiệt cho thấy lực cung không còn nhiều và phiên ngày hôm nay có một số cổ phiếu bật tăng trở lại từ hỗ trợ như TCI MBS..... - HCM trong phiên ngày 24/9 cho tín hiệu đảo chiều tăng giá khi giá giảm về hỗ trợ vùng 26, trong 3 phiên gần đây giá của cổ phiếu HCM quay về test lại vùng 26 lần nữa và cho tín hiệu test thành công cho điêm mua an toàn. Anh chị tham khảo mở mua HCM vùng giá hiện tại.
HCM NHỊP PHỤC HỒI CHO NHÓM NGÀNH CHỨNG KHOÁN.
HCM NHỊP PHỤC HỒI CHO NHÓM NGÀNH CHỨNG KHOÁN.
- Về góc nhìn tổng quan phần lớn các cổ phiếu của nhóm ngành chứng khoán đều điều chỉnh giảm rơi về những ngưỡng hỗ trợ rất mạnh kèm theo đó thanh khoản suy kiệt cho thấy lực cung không còn nhiều và phiên ngày hôm nay có một số cổ phiếu bật tăng trở lại từ hỗ trợ như TCI MBS.....
- Về góc nhìn tổng quan phần lớn các cổ phiếu của nhóm ngành chứng khoán đều điều chỉnh giảm rơi về những ngưỡng hỗ trợ rất mạnh kèm theo đó thanh khoản suy kiệt cho thấy lực cung không còn nhiều và phiên ngày hôm nay có một số cổ phiếu bật tăng trở lại từ hỗ trợ như TCI MBS.....
- HCM trong phiên ngày 24/9 cho tín hiệu đảo chiều tăng giá khi giá giảm về hỗ trợ vùng 26, trong 3 phiên gần đây giá của cổ phiếu HCM quay về test lại vùng 26 lần nữa và cho tín hiệu test thành công cho điêm mua an toàn.
- HCM trong phiên ngày 24/9 cho tín hiệu đảo chiều tăng giá khi giá giảm về hỗ trợ vùng 26, trong 3 phiên gần đây giá của cổ phiếu HCM quay về test lại vùng 26 lần nữa và cho tín hiệu test thành công cho điêm mua an toàn.
Anh chị tham khảo mở mua HCM vùng giá hiện tại.
Anh chị tham khảo mở mua HCM vùng giá hiện tại.
Cập nhật tiến trình nâng hạng lên Thị trường Mới nổi của Việt Nam theo phân loại của FTSE FTSE Russell sẽ công bố kết quả đánh giá phân loại thị trường chứng khoán bán niên tháng 9/2025 vào ngày 8/10 (sau khi thị trường chứng khoán Mỹ đóng cửa vào ngày 7/10), và công bố khả năng Việt Nam được nâng hạng từ Thị trường Cận biên lên Thị trường Mới nổi thứ cấp.  Kỳ vọng về việc nâng hạng đã tạo ra tâm lý lo lắng cao độ từ cả giới đầu tư tổ chức và cá nhân. Theo ghi nhận, VN-Index đã đi ngang trong tháng, trong khi đó, thanh khoản lại giảm đáng kể, từ 55,6 nghìn tỷ đồng trong tháng 8 xuống chỉ còn 39,7 nghìn tỷ đồng trong tháng 9. Vietcap rất tự tin về khả năng FTSE Russell sẽ công bố kết quả tích cực cho Việt Nam vào thứ Tư tuần tới. Việc nâng hạng thị trường Việt Nam lên Thị trường Mới nổi thứ cấp sẽ là một yếu tố hỗ trợ tích cực, đối trọng với lực bán ròng lớn của khối ngoại, vốn đang trên đà đạt hơn 9 tỷ USD từ năm 2023 đến năm 2025. Theo các CTCK quốc tế, dòng vốn đầu tư ròng từ khối ngoại có thể đạt 6-8 tỷ USD hoặc thậm chí đạt 10 tỷ USD (trong kịch bản tích cực). Các ước tính này bao gồm cả dòng vốn từ các quỹ chủ động và thụ động, trong đó dòng vốn từ các quỹ chủ động chiếm phần lớn. Dựa trên nghiên cứu của Vietcap, Việt Nam được dự phóng sẽ có tỷ trọng 0,3% trong chỉ số ài việc được đưa vào các chỉ số FTSE khác. Dòng vốn từ các quỹ thụ động có thể đạt ít nhất 1 tỷ USD trong quá trình thực hiện.  Dưới đây là danh sách 30 cổ phiếu tiềm năng có thể được các quỹ chỉ số bổ sung vào danh mục
Cập nhật tiến trình nâng hạng lên Thị trường Mới nổi của Việt Nam theo phân loại của FTSE FTSE Russell sẽ công bố kết quả đánh giá phân loại thị trường chứng khoán bán niên tháng 9/2025 vào ngày 8/10 (sau khi thị trường chứng khoán Mỹ đóng cửa vào ngày 7/10), và công bố khả năng Việt Nam được nâng hạng từ Thị trường Cận biên lên Thị trường Mới nổi thứ cấp.  Kỳ vọng về việc nâng hạng đã tạo ra tâm lý lo lắng cao độ từ cả giới đầu tư tổ chức và cá nhân. Theo ghi nhận, VN-Index đã đi ngang trong tháng, trong khi đó, thanh khoản lại giảm đáng kể, từ 55,6 nghìn tỷ đồng trong tháng 8 xuống chỉ còn 39,7 nghìn tỷ đồng trong tháng 9. Vietcap rất tự tin về khả năng FTSE Russell sẽ công bố kết quả tích cực cho Việt Nam vào thứ Tư tuần tới. Việc nâng hạng thị trường Việt Nam lên Thị trường Mới nổi thứ cấp sẽ là một yếu tố hỗ trợ tích cực, đối trọng với lực bán ròng lớn của khối ngoại, vốn đang trên đà đạt hơn 9 tỷ USD từ năm 2023 đến năm 2025. Theo các CTCK quốc tế, dòng vốn đầu tư ròng từ khối ngoại có thể đạt 6-8 tỷ USD hoặc thậm chí đạt 10 tỷ USD (trong kịch bản tích cực). Các ước tính này bao gồm cả dòng vốn từ các quỹ chủ động và thụ động, trong đó dòng vốn từ các quỹ chủ động chiếm phần lớn. Dựa trên nghiên cứu của Vietcap, Việt Nam được dự phóng sẽ có tỷ trọng 0,3% trong chỉ số ài việc được đưa vào các chỉ số FTSE khác. Dòng vốn từ các quỹ thụ động có thể đạt ít nhất 1 tỷ USD trong quá trình thực hiện.  Dưới đây là danh sách 30 cổ phiếu tiềm năng có thể được các quỹ chỉ số bổ sung vào danh mục
Cập nhật tiến trình nâng hạng lên Thị trường Mới nổi của Việt Nam theo phân loại của FTSE FTSE Russell sẽ công bố kết quả đánh giá phân loại thị trường chứng khoán bán niên tháng 9/2025 vào ngày 8/10 (sau khi thị trường chứng khoán Mỹ đóng cửa vào ngày 7/10), và công bố khả năng Việt Nam được nâng hạng từ Thị trường Cận biên lên Thị trường Mới nổi thứ cấp.  Kỳ vọng về việc nâng hạng đã tạo ra tâm lý lo lắng cao độ từ cả giới đầu tư tổ chức và cá nhân. Theo ghi nhận, VN-Index đã đi ngang trong tháng, trong khi đó, thanh khoản lại giảm đáng kể, từ 55,6 nghìn tỷ đồng trong tháng 8 xuống chỉ còn 39,7 nghìn tỷ đồng trong tháng 9. Vietcap rất tự tin về khả năng FTSE Russell sẽ công bố kết quả tích cực cho Việt Nam vào thứ Tư tuần tới. Việc nâng hạng thị trường Việt Nam lên Thị trường Mới nổi thứ cấp sẽ là một yếu tố hỗ trợ tích cực, đối trọng với lực bán ròng lớn của khối ngoại, vốn đang trên đà đạt hơn 9 tỷ USD từ năm 2023 đến năm 2025. Theo các CTCK quốc tế, dòng vốn đầu tư ròng từ khối ngoại có thể đạt 6-8 tỷ USD hoặc thậm chí đạt 10 tỷ USD (trong kịch bản tích cực). Các ước tính này bao gồm cả dòng vốn từ các quỹ chủ động và thụ động, trong đó dòng vốn từ các quỹ chủ động chiếm phần lớn. Dựa trên nghiên cứu của Vietcap, Việt Nam được dự phóng sẽ có tỷ trọng 0,3% trong chỉ số ài việc được đưa vào các chỉ số FTSE khác. Dòng vốn từ các quỹ thụ động có thể đạt ít nhất 1 tỷ USD trong quá trình thực hiện.  Dưới đây là danh sách 30 cổ phiếu tiềm năng có thể được các quỹ chỉ số bổ sung vào danh mục
Cập nhật tiến trình nâng hạng lên Thị trường Mới nổi của Việt Nam theo phân loại của FTSE FTSE Russell sẽ công bố kết quả đánh giá phân loại thị trường chứng khoán bán niên tháng 9/2025 vào ngày 8/10 (sau khi thị trường chứng khoán Mỹ đóng cửa vào ngày 7/10), và công bố khả năng Việt Nam được nâng hạng từ Thị trường Cận biên lên Thị trường Mới nổi thứ cấp.  Kỳ vọng về việc nâng hạng đã tạo ra tâm lý lo lắng cao độ từ cả giới đầu tư tổ chức và cá nhân. Theo ghi nhận, VN-Index đã đi ngang trong tháng, trong khi đó, thanh khoản lại giảm đáng kể, từ 55,6 nghìn tỷ đồng trong tháng 8 xuống chỉ còn 39,7 nghìn tỷ đồng trong tháng 9. Vietcap rất tự tin về khả năng FTSE Russell sẽ công bố kết quả tích cực cho Việt Nam vào thứ Tư tuần tới. Việc nâng hạng thị trường Việt Nam lên Thị trường Mới nổi thứ cấp sẽ là một yếu tố hỗ trợ tích cực, đối trọng với lực bán ròng lớn của khối ngoại, vốn đang trên đà đạt hơn 9 tỷ USD từ năm 2023 đến năm 2025. Theo các CTCK quốc tế, dòng vốn đầu tư ròng từ khối ngoại có thể đạt 6-8 tỷ USD hoặc thậm chí đạt 10 tỷ USD (trong kịch bản tích cực). Các ước tính này bao gồm cả dòng vốn từ các quỹ chủ động và thụ động, trong đó dòng vốn từ các quỹ chủ động chiếm phần lớn. Dựa trên nghiên cứu của Vietcap, Việt Nam được dự phóng sẽ có tỷ trọng 0,3% trong chỉ số ài việc được đưa vào các chỉ số FTSE khác. Dòng vốn từ các quỹ thụ động có thể đạt ít nhất 1 tỷ USD trong quá trình thực hiện.  Dưới đây là danh sách 30 cổ phiếu tiềm năng có thể được các quỹ chỉ số bổ sung vào danh mục
Cập nhật tiến trình nâng hạng lên Thị trường Mới nổi của Việt Nam theo phân loại của FTSE
Cập nhật tiến trình nâng hạng lên Thị trường Mới nổi của Việt Nam theo phân loại của FTSE
FTSE Russell sẽ công bố kết quả đánh giá phân loại thị trường chứng khoán bán niên tháng 9/2025 vào ngày 8/10 (sau khi thị trường chứng khoán Mỹ đóng cửa vào ngày 7/10), và công bố khả năng Việt Nam được nâng hạng từ Thị trường Cận biên lên Thị trường Mới nổi thứ cấp.
FTSE Russell sẽ công bố kết quả đánh giá phân loại thị trường chứng khoán bán niên tháng 9/2025 vào ngày 8/10 (sau khi thị trường chứng khoán Mỹ đóng cửa vào ngày 7/10), và công bố khả năng Việt Nam được nâng hạng từ Thị trường Cận biên lên Thị trường Mới nổi thứ cấp.
Kỳ vọng về việc nâng hạng đã tạo ra tâm lý lo lắng cao độ từ cả giới đầu tư tổ chức và cá nhân. Theo ghi nhận, VN-Index đã đi ngang trong tháng, trong khi đó, thanh khoản lại giảm đáng kể, từ 55,6 nghìn tỷ đồng trong tháng 8 xuống chỉ còn 39,7 nghìn tỷ đồng trong tháng 9. Vietcap rất tự tin về khả năng FTSE Russell sẽ công bố kết quả tích cực cho Việt Nam vào thứ Tư tuần tới.
Kỳ vọng về việc nâng hạng đã tạo ra tâm lý lo lắng cao độ từ cả giới đầu tư tổ chức và cá nhân. Theo ghi nhận, VN-Index đã đi ngang trong tháng, trong khi đó, thanh khoản lại giảm đáng kể, từ 55,6 nghìn tỷ đồng trong tháng 8 xuống chỉ còn 39,7 nghìn tỷ đồng trong tháng 9. Vietcap rất tự tin về khả năng FTSE Russell sẽ công bố kết quả tích cực cho Việt Nam vào thứ Tư tuần tới.
Việc nâng hạng thị trường Việt Nam lên Thị trường Mới nổi thứ cấp sẽ là một yếu tố hỗ trợ tích cực, đối trọng với lực bán ròng lớn của khối ngoại, vốn đang trên đà đạt hơn 9 tỷ USD từ năm 2023 đến năm 2025. Theo các CTCK quốc tế, dòng vốn đầu tư ròng từ khối ngoại có thể đạt 6-8 tỷ USD hoặc thậm chí đạt 10 tỷ USD (trong kịch bản tích cực). Các ước tính này bao gồm cả dòng vốn từ các quỹ chủ động và thụ động, trong đó dòng vốn từ các quỹ chủ động chiếm phần lớn.
Việc nâng hạng thị trường Việt Nam lên Thị trường Mới nổi thứ cấp sẽ là một yếu tố hỗ trợ tích cực, đối trọng với lực bán ròng lớn của khối ngoại, vốn đang trên đà đạt hơn 9 tỷ USD từ năm 2023 đến năm 2025. Theo các CTCK quốc tế, dòng vốn đầu tư ròng từ khối ngoại có thể đạt 6-8 tỷ USD hoặc thậm chí đạt 10 tỷ USD (trong kịch bản tích cực). Các ước tính này bao gồm cả dòng vốn từ các quỹ chủ động và thụ động, trong đó dòng vốn từ các quỹ chủ động chiếm phần lớn.
Dựa trên nghiên cứu của Vietcap, Việt Nam được dự phóng sẽ có tỷ trọng 0,3% trong chỉ số ài việc được đưa vào các chỉ số FTSE khác. Dòng vốn từ các quỹ thụ động có thể đạt ít nhất 1 tỷ USD trong quá trình thực hiện.
Dựa trên nghiên cứu của Vietcap, Việt Nam được dự phóng sẽ có tỷ trọng 0,3% trong chỉ số ài việc được đưa vào các chỉ số FTSE khác. Dòng vốn từ các quỹ thụ động có thể đạt ít nhất 1 tỷ USD trong quá trình thực hiện.
Dưới đây là danh sách 30 cổ phiếu tiềm năng có thể được các quỹ chỉ số bổ sung vào danh mục
Dưới đây là danh sách 30 cổ phiếu tiềm năng có thể được các quỹ chỉ số bổ sung vào danh mục
Cp trên Ttck Mỹ cp Dược Phẩm sau 3..4 năm giảm và đi ngang giờ bọn nó tăng lên. Các cp dược ở VN trong một tháng nay vài cp tăng phi mã 50--80% như : JVC DCL.... Hàng vol nhỏ .  @người theo dõi @fan cứng
Cp trên Ttck Mỹ cp Dược Phẩm sau 3..4 năm giảm và đi ngang giờ bọn nó tăng lên. Các cp dược ở VN trong một tháng nay vài cp tăng phi mã 50--80% như : JVC DCL.... Hàng vol nhỏ .  @người theo dõi @fan cứng
Cp trên Ttck Mỹ cp Dược Phẩm sau 3..4 năm giảm và đi ngang giờ bọn nó tăng lên. Các cp dược ở VN trong một tháng nay vài cp tăng phi mã 50--80% như : JVC DCL.... Hàng vol nhỏ .  @người theo dõi @fan cứng
Cp trên Ttck Mỹ cp Dược Phẩm sau 3..4 năm giảm và đi ngang giờ bọn nó tăng lên. Các cp dược ở VN trong một tháng nay vài cp tăng phi mã 50--80% như : JVC DCL.... Hàng vol nhỏ .  @người theo dõi @fan cứng
Cp trên Ttck Mỹ cp Dược Phẩm sau 3..4 năm giảm và đi ngang giờ bọn nó tăng lên.
Cp trên Ttck Mỹ cp Dược Phẩm sau 3..4 năm giảm và đi ngang giờ bọn nó tăng lên.
Các cp dược ở VN trong một tháng nay vài cp tăng phi mã 50--80% như : JVC DCL.... Hàng vol nhỏ .  @người theo dõi @fan cứng
Các cp dược ở VN trong một tháng nay vài cp tăng phi mã 50--80% như : JVC DCL.... Hàng vol nhỏ .  @người theo dõi @fan cứng
Siêu cổ GEE lại tiếp tục rít vào đường đua với họ nhà anh VIN . Mấy cây trần đây anh em ??
Siêu cổ GEE lại tiếp tục rít vào đường đua với họ nhà anh VIN . Mấy cây trần đây anh em ??
Siêu cổ GEE lại tiếp tục rít vào đường đua với họ nhà anh VIN . Mấy cây trần đây anh em ??
Siêu cổ GEE lại tiếp tục rít vào đường đua với họ nhà anh VIN . Mấy cây trần đây anh em ??
Siêu cổ GEE lại tiếp tục rít vào đường đua với họ nhà anh VIN . Mấy cây trần đây anh em ??
Siêu cổ GEE lại tiếp tục rít vào đường đua với họ nhà anh VIN . Mấy cây trần đây anh em ??"
Lương Đức Thiện,,"HCM NHỊP PHỤC HỒI CHO NHÓM NGÀNH CHỨNG KHOÁN. - Về góc nhìn tổng quan phần lớn các cổ phiếu của nhóm ngành chứng khoán đều điều chỉnh giảm rơi về những ngưỡng hỗ trợ rất mạnh kèm theo đó thanh khoản suy kiệt cho thấy lực cung không còn nhiều và phiên ngày hôm nay có một số cổ phiếu bật tăng trở lại từ hỗ trợ như TCI MBS..... - HCM trong phiên ngày 24/9 cho tín hiệu đảo chiều tăng giá khi giá giảm về hỗ trợ vùng 26, trong 3 phiên gần đây giá của cổ phiếu HCM quay về test lại vùng 26 lần nữa và cho tín hiệu test thành công cho điêm mua an toàn. Anh chị tham khảo mở mua HCM vùng giá hiện tại.
HCM NHỊP PHỤC HỒI CHO NHÓM NGÀNH CHỨNG KHOÁN. - Về góc nhìn tổng quan phần lớn các cổ phiếu của nhóm ngành chứng khoán đều điều chỉnh giảm rơi về những ngưỡng hỗ trợ rất mạnh kèm theo đó thanh khoản suy kiệt cho thấy lực cung không còn nhiều và phiên ngày hôm nay có một số cổ phiếu bật tăng trở lại từ hỗ trợ như TCI MBS..... - HCM trong phiên ngày 24/9 cho tín hiệu đảo chiều tăng giá khi giá giảm về hỗ trợ vùng 26, trong 3 phiên gần đây giá của cổ phiếu HCM quay về test lại vùng 26 lần nữa và cho tín hiệu test thành công cho điêm mua an toàn. Anh chị tham khảo mở mua HCM vùng giá hiện tại.
HCM NHỊP PHỤC HỒI CHO NHÓM NGÀNH CHỨNG KHOÁN. - Về góc nhìn tổng quan phần lớn các cổ phiếu của nhóm ngành chứng khoán đều điều chỉnh giảm rơi về những ngưỡng hỗ trợ rất mạnh kèm theo đó thanh khoản suy kiệt cho thấy lực cung không còn nhiều và phiên ngày hôm nay có một số cổ phiếu bật tăng trở lại từ hỗ trợ như TCI MBS..... - HCM trong phiên ngày 24/9 cho tín hiệu đảo chiều tăng giá khi giá giảm về hỗ trợ vùng 26, trong 3 phiên gần đây giá của cổ phiếu HCM quay về test lại vùng 26 lần nữa và cho tín hiệu test thành công cho điêm mua an toàn. Anh chị tham khảo mở mua HCM vùng giá hiện tại.
HCM NHỊP PHỤC HỒI CHO NHÓM NGÀNH CHỨNG KHOÁN. - Về góc nhìn tổng quan phần lớn các cổ phiếu của nhóm ngành chứng khoán đều điều chỉnh giảm rơi về những ngưỡng hỗ trợ rất mạnh kèm theo đó thanh khoản suy kiệt cho thấy lực cung không còn nhiều và phiên ngày hôm nay có một số cổ phiếu bật tăng trở lại từ hỗ trợ như TCI MBS..... - HCM trong phiên ngày 24/9 cho tín hiệu đảo chiều tăng giá khi giá giảm về hỗ trợ vùng 26, trong 3 phiên gần đây giá của cổ phiếu HCM quay về test lại vùng 26 lần nữa và cho tín hiệu test thành công cho điêm mua an toàn. Anh chị tham khảo mở mua HCM vùng giá hiện tại.
HCM NHỊP PHỤC HỒI CHO NHÓM NGÀNH CHỨNG KHOÁN.
HCM NHỊP PHỤC HỒI CHO NHÓM NGÀNH CHỨNG KHOÁN.
- Về góc nhìn tổng quan phần lớn các cổ phiếu của nhóm ngành chứng khoán đều điều chỉnh giảm rơi về những ngưỡng hỗ trợ rất mạnh kèm theo đó thanh khoản suy kiệt cho thấy lực cung không còn nhiều và phiên ngày hôm nay có một số cổ phiếu bật tăng trở lại từ hỗ trợ như TCI MBS.....
- Về góc nhìn tổng quan phần lớn các cổ phiếu của nhóm ngành chứng khoán đều điều chỉnh giảm rơi về những ngưỡng hỗ trợ rất mạnh kèm theo đó thanh khoản suy kiệt cho thấy lực cung không còn nhiều và phiên ngày hôm nay có một số cổ phiếu bật tăng trở lại từ hỗ trợ như TCI MBS.....
- HCM trong phiên ngày 24/9 cho tín hiệu đảo chiều tăng giá khi giá giảm về hỗ trợ vùng 26, trong 3 phiên gần đây giá của cổ phiếu HCM quay về test lại vùng 26 lần nữa và cho tín hiệu test thành công cho điêm mua an toàn.
- HCM trong phiên ngày 24/9 cho tín hiệu đảo chiều tăng giá khi giá giảm về hỗ trợ vùng 26, trong 3 phiên gần đây giá của cổ phiếu HCM quay về test lại vùng 26 lần nữa và cho tín hiệu test thành công cho điêm mua an toàn.
Anh chị tham khảo mở mua HCM vùng giá hiện tại.
Anh chị tham khảo mở mua HCM vùng giá hiện tại."
Lương Đức Thiện,,Lương Đức Thiện s r t d n o o e p S c m 7 i q ú a 8 4 4  3 u u a 1 1 l f g 7 ô u 9 u t t l f f a 2 h  0 c : 0 m i  g 6 m 6 2 4 H 4 l   ·
Ẩn danh,,s r t d n o o e p S c m 7 i q ú a 8 4 4  3 u u a 1 1 l f g 7 ô u 9 u t t l f f a 2 h  0 c : 0 m i  g 6 m 6 2 4 H 4 l   ·
Thùy Phương,,"Cập nhật tiến trình nâng hạng lên Thị trường Mới nổi của Việt Nam theo phân loại của FTSE FTSE Russell sẽ công bố kết quả đánh giá phân loại thị trường chứng khoán bán niên tháng 9/2025 vào ngày 8/10 (sau khi thị trường chứng khoán Mỹ đóng cửa vào ngày 7/10), và công bố khả năng Việt Nam được nâng hạng từ Thị trường Cận biên lên Thị trường Mới nổi thứ cấp.  Kỳ vọng về việc nâng hạng đã tạo ra tâm lý lo lắng cao độ từ cả giới đầu tư tổ chức và cá nhân. Theo ghi nhận, VN-Index đã đi ngang trong tháng, trong khi đó, thanh khoản lại giảm đáng kể, từ 55,6 nghìn tỷ đồng trong tháng 8 xuống chỉ còn 39,7 nghìn tỷ đồng trong tháng 9. Vietcap rất tự tin về khả năng FTSE Russell sẽ công bố kết quả tích cực cho Việt Nam vào thứ Tư tuần tới. Việc nâng hạng thị trường Việt Nam lên Thị trường Mới nổi thứ cấp sẽ là một yếu tố hỗ trợ tích cực, đối trọng với lực bán ròng lớn của khối ngoại, vốn đang trên đà đạt hơn 9 tỷ USD từ năm 2023 đến năm 2025. Theo các CTCK quốc tế, dòng vốn đầu tư ròng từ khối ngoại có thể đạt 6-8 tỷ USD hoặc thậm chí đạt 10 tỷ USD (trong kịch bản tích cực). Các ước tính này bao gồm cả dòng vốn từ các quỹ chủ động và thụ động, trong đó dòng vốn từ các quỹ chủ động chiếm phần lớn. Dựa trên nghiên cứu của Vietcap, Việt Nam được dự phóng sẽ có tỷ trọng 0,3% trong chỉ số ài việc được đưa vào các chỉ số FTSE khác. Dòng vốn từ các quỹ thụ động có thể đạt ít nhất 1 tỷ USD trong quá trình thực hiện.  Dưới đây là danh sách 30 cổ phiếu tiềm năng có thể được các quỹ chỉ số bổ sung vào danh mục
Cập nhật tiến trình nâng hạng lên Thị trường Mới nổi của Việt Nam theo phân loại của FTSE FTSE Russell sẽ công bố kết quả đánh giá phân loại thị trường chứng khoán bán niên tháng 9/2025 vào ngày 8/10 (sau khi thị trường chứng khoán Mỹ đóng cửa vào ngày 7/10), và công bố khả năng Việt Nam được nâng hạng từ Thị trường Cận biên lên Thị trường Mới nổi thứ cấp.  Kỳ vọng về việc nâng hạng đã tạo ra tâm lý lo lắng cao độ từ cả giới đầu tư tổ chức và cá nhân. Theo ghi nhận, VN-Index đã đi ngang trong tháng, trong khi đó, thanh khoản lại giảm đáng kể, từ 55,6 nghìn tỷ đồng trong tháng 8 xuống chỉ còn 39,7 nghìn tỷ đồng trong tháng 9. Vietcap rất tự tin về khả năng FTSE Russell sẽ công bố kết quả tích cực cho Việt Nam vào thứ Tư tuần tới. Việc nâng hạng thị trường Việt Nam lên Thị trường Mới nổi thứ cấp sẽ là một yếu tố hỗ trợ tích cực, đối trọng với lực bán ròng lớn của khối ngoại, vốn đang trên đà đạt hơn 9 tỷ USD từ năm 2023 đến năm 2025. Theo các CTCK quốc tế, dòng vốn đầu tư ròng từ khối ngoại có thể đạt 6-8 tỷ USD hoặc thậm chí đạt 10 tỷ USD (trong kịch bản tích cực). Các ước tính này bao gồm cả dòng vốn từ các quỹ chủ động và thụ động, trong đó dòng vốn từ các quỹ chủ động chiếm phần lớn. Dựa trên nghiên cứu của Vietcap, Việt Nam được dự phóng sẽ có tỷ trọng 0,3% trong chỉ số ài việc được đưa vào các chỉ số FTSE khác. Dòng vốn từ các quỹ thụ động có thể đạt ít nhất 1 tỷ USD trong quá trình thực hiện.  Dưới đây là danh sách 30 cổ phiếu tiềm năng có thể được các quỹ chỉ số bổ sung vào danh mục
Cập nhật tiến trình nâng hạng lên Thị trường Mới nổi của Việt Nam theo phân loại của FTSE FTSE Russell sẽ công bố kết quả đánh giá phân loại thị trường chứng khoán bán niên tháng 9/2025 vào ngày 8/10 (sau khi thị trường chứng khoán Mỹ đóng cửa vào ngày 7/10), và công bố khả năng Việt Nam được nâng hạng từ Thị trường Cận biên lên Thị trường Mới nổi thứ cấp.  Kỳ vọng về việc nâng hạng đã tạo ra tâm lý lo lắng cao độ từ cả giới đầu tư tổ chức và cá nhân. Theo ghi nhận, VN-Index đã đi ngang trong tháng, trong khi đó, thanh khoản lại giảm đáng kể, từ 55,6 nghìn tỷ đồng trong tháng 8 xuống chỉ còn 39,7 nghìn tỷ đồng trong tháng 9. Vietcap rất tự tin về khả năng FTSE Russell sẽ công bố kết quả tích cực cho Việt Nam vào thứ Tư tuần tới. Việc nâng hạng thị trường Việt Nam lên Thị trường Mới nổi thứ cấp sẽ là một yếu tố hỗ trợ tích cực, đối trọng với lực bán ròng lớn của khối ngoại, vốn đang trên đà đạt hơn 9 tỷ USD từ năm 2023 đến năm 2025. Theo các CTCK quốc tế, dòng vốn đầu tư ròng từ khối ngoại có thể đạt 6-8 tỷ USD hoặc thậm chí đạt 10 tỷ USD (trong kịch bản tích cực). Các ước tính này bao gồm cả dòng vốn từ các quỹ chủ động và thụ động, trong đó dòng vốn từ các quỹ chủ động chiếm phần lớn. Dựa trên nghiên cứu của Vietcap, Việt Nam được dự phóng sẽ có tỷ trọng 0,3% trong chỉ số ài việc được đưa vào các chỉ số FTSE khác. Dòng vốn từ các quỹ thụ động có thể đạt ít nhất 1 tỷ USD trong quá trình thực hiện.  Dưới đây là danh sách 30 cổ phiếu tiềm năng có thể được các quỹ chỉ số bổ sung vào danh mục
Cập nhật tiến trình nâng hạng lên Thị trường Mới nổi của Việt Nam theo phân loại của FTSE FTSE Russell sẽ công bố kết quả đánh giá phân loại thị trường chứng khoán bán niên tháng 9/2025 vào ngày 8/10 (sau khi thị trường chứng khoán Mỹ đóng cửa vào ngày 7/10), và công bố khả năng Việt Nam được nâng hạng từ Thị trường Cận biên lên Thị trường Mới nổi thứ cấp.  Kỳ vọng về việc nâng hạng đã tạo ra tâm lý lo lắng cao độ từ cả giới đầu tư tổ chức và cá nhân. Theo ghi nhận, VN-Index đã đi ngang trong tháng, trong khi đó, thanh khoản lại giảm đáng kể, từ 55,6 nghìn tỷ đồng trong tháng 8 xuống chỉ còn 39,7 nghìn tỷ đồng trong tháng 9. Vietcap rất tự tin về khả năng FTSE Russell sẽ công bố kết quả tích cực cho Việt Nam vào thứ Tư tuần tới. Việc nâng hạng thị trường Việt Nam lên Thị trường Mới nổi thứ cấp sẽ là một yếu tố hỗ trợ tích cực, đối trọng với lực bán ròng lớn của khối ngoại, vốn đang trên đà đạt hơn 9 tỷ USD từ năm 2023 đến năm 2025. Theo các CTCK quốc tế, dòng vốn đầu tư ròng từ khối ngoại có thể đạt 6-8 tỷ USD hoặc thậm chí đạt 10 tỷ USD (trong kịch bản tích cực). Các ước tính này bao gồm cả dòng vốn từ các quỹ chủ động và thụ động, trong đó dòng vốn từ các quỹ chủ động chiếm phần lớn. Dựa trên nghiên cứu của Vietcap, Việt Nam được dự phóng sẽ có tỷ trọng 0,3% trong chỉ số ài việc được đưa vào các chỉ số FTSE khác. Dòng vốn từ các quỹ thụ động có thể đạt ít nhất 1 tỷ USD trong quá trình thực hiện.  Dưới đây là danh sách 30 cổ phiếu tiềm năng có thể được các quỹ chỉ số bổ sung vào danh mục
Cập nhật tiến trình nâng hạng lên Thị trường Mới nổi của Việt Nam theo phân loại của FTSE
Cập nhật tiến trình nâng hạng lên Thị trường Mới nổi của Việt Nam theo phân loại của FTSE
FTSE Russell sẽ công bố kết quả đánh giá phân loại thị trường chứng khoán bán niên tháng 9/2025 vào ngày 8/10 (sau khi thị trường chứng khoán Mỹ đóng cửa vào ngày 7/10), và công bố khả năng Việt Nam được nâng hạng từ Thị trường Cận biên lên Thị trường Mới nổi thứ cấp.
FTSE Russell sẽ công bố kết quả đánh giá phân loại thị trường chứng khoán bán niên tháng 9/2025 vào ngày 8/10 (sau khi thị trường chứng khoán Mỹ đóng cửa vào ngày 7/10), và công bố khả năng Việt Nam được nâng hạng từ Thị trường Cận biên lên Thị trường Mới nổi thứ cấp.
Kỳ vọng về việc nâng hạng đã tạo ra tâm lý lo lắng cao độ từ cả giới đầu tư tổ chức và cá nhân. Theo ghi nhận, VN-Index đã đi ngang trong tháng, trong khi đó, thanh khoản lại giảm đáng kể, từ 55,6 nghìn tỷ đồng trong tháng 8 xuống chỉ còn 39,7 nghìn tỷ đồng trong tháng 9. Vietcap rất tự tin về khả năng FTSE Russell sẽ công bố kết quả tích cực cho Việt Nam vào thứ Tư tuần tới.
Kỳ vọng về việc nâng hạng đã tạo ra tâm lý lo lắng cao độ từ cả giới đầu tư tổ chức và cá nhân. Theo ghi nhận, VN-Index đã đi ngang trong tháng, trong khi đó, thanh khoản lại giảm đáng kể, từ 55,6 nghìn tỷ đồng trong tháng 8 xuống chỉ còn 39,7 nghìn tỷ đồng trong tháng 9. Vietcap rất tự tin về khả năng FTSE Russell sẽ công bố kết quả tích cực cho Việt Nam vào thứ Tư tuần tới.
Việc nâng hạng thị trường Việt Nam lên Thị trường Mới nổi thứ cấp sẽ là một yếu tố hỗ trợ tích cực, đối trọng với lực bán ròng lớn của khối ngoại, vốn đang trên đà đạt hơn 9 tỷ USD từ năm 2023 đến năm 2025. Theo các CTCK quốc tế, dòng vốn đầu tư ròng từ khối ngoại có thể đạt 6-8 tỷ USD hoặc thậm chí đạt 10 tỷ USD (trong kịch bản tích cực). Các ước tính này bao gồm cả dòng vốn từ các quỹ chủ động và thụ động, trong đó dòng vốn từ các quỹ chủ động chiếm phần lớn.
Việc nâng hạng thị trường Việt Nam lên Thị trường Mới nổi thứ cấp sẽ là một yếu tố hỗ trợ tích cực, đối trọng với lực bán ròng lớn của khối ngoại, vốn đang trên đà đạt hơn 9 tỷ USD từ năm 2023 đến năm 2025. Theo các CTCK quốc tế, dòng vốn đầu tư ròng từ khối ngoại có thể đạt 6-8 tỷ USD hoặc thậm chí đạt 10 tỷ USD (trong kịch bản tích cực). Các ước tính này bao gồm cả dòng vốn từ các quỹ chủ động và thụ động, trong đó dòng vốn từ các quỹ chủ động chiếm phần lớn.
Dựa trên nghiên cứu của Vietcap, Việt Nam được dự phóng sẽ có tỷ trọng 0,3% trong chỉ số ài việc được đưa vào các chỉ số FTSE khác. Dòng vốn từ các quỹ thụ động có thể đạt ít nhất 1 tỷ USD trong quá trình thực hiện.
Dựa trên nghiên cứu của Vietcap, Việt Nam được dự phóng sẽ có tỷ trọng 0,3% trong chỉ số ài việc được đưa vào các chỉ số FTSE khác. Dòng vốn từ các quỹ thụ động có thể đạt ít nhất 1 tỷ USD trong quá trình thực hiện.
Dưới đây là danh sách 30 cổ phiếu tiềm năng có thể được các quỹ chỉ số bổ sung vào danh mục
Dưới đây là danh sách 30 cổ phiếu tiềm năng có thể được các quỹ chỉ số bổ sung vào danh mục"
Thùy Phương,,Thùy Phương s r t d n o o e p S c m 7 i q ú a 8 4 4  3 u u a 1 1 l f g 7 ô u 9 u t t l f f a 2 h  0 c : 0 m i  g 6 m 6 2 4 H 4 l   ·
Toandaituong Stock,,"Cp trên Ttck Mỹ cp Dược Phẩm sau 3..4 năm giảm và đi ngang giờ bọn nó tăng lên. Các cp dược ở VN trong một tháng nay vài cp tăng phi mã 50--80% như : JVC DCL.... Hàng vol nhỏ .  @người theo dõi @fan cứng
Cp trên Ttck Mỹ cp Dược Phẩm sau 3..4 năm giảm và đi ngang giờ bọn nó tăng lên. Các cp dược ở VN trong một tháng nay vài cp tăng phi mã 50--80% như : JVC DCL.... Hàng vol nhỏ .  @người theo dõi @fan cứng
Cp trên Ttck Mỹ cp Dược Phẩm sau 3..4 năm giảm và đi ngang giờ bọn nó tăng lên. Các cp dược ở VN trong một tháng nay vài cp tăng phi mã 50--80% như : JVC DCL.... Hàng vol nhỏ .  @người theo dõi @fan cứng
Cp trên Ttck Mỹ cp Dược Phẩm sau 3..4 năm giảm và đi ngang giờ bọn nó tăng lên. Các cp dược ở VN trong một tháng nay vài cp tăng phi mã 50--80% như : JVC DCL.... Hàng vol nhỏ .  @người theo dõi @fan cứng
Cp trên Ttck Mỹ cp Dược Phẩm sau 3..4 năm giảm và đi ngang giờ bọn nó tăng lên.
Cp trên Ttck Mỹ cp Dược Phẩm sau 3..4 năm giảm và đi ngang giờ bọn nó tăng lên.
Các cp dược ở VN trong một tháng nay vài cp tăng phi mã 50--80% như : JVC DCL.... Hàng vol nhỏ .  @người theo dõi @fan cứng
Các cp dược ở VN trong một tháng nay vài cp tăng phi mã 50--80% như : JVC DCL.... Hàng vol nhỏ .  @người theo dõi @fan cứng"
Toandaituong Stock,,: 3 m l u 8 8 q 6 m c ô ú 9 l i 0 7  f  H 0   ·
Toandaituong Stock,,Toandaituong Stock
Ẩn danh,,t d s o n r S e o p 6 4 a h c : 3 m l u 8 8 q 6 m c ô ú 9 l i 0 7  f  H 0   ·
Tùng Milano,,"Siêu cổ GEE lại tiếp tục rít vào đường đua với họ nhà anh VIN . Mấy cây trần đây anh em ??
Siêu cổ GEE lại tiếp tục rít vào đường đua với họ nhà anh VIN . Mấy cây trần đây anh em ??
Siêu cổ GEE lại tiếp tục rít vào đường đua với họ nhà anh VIN . Mấy cây trần đây anh em ??
Siêu cổ GEE lại tiếp tục rít vào đường đua với họ nhà anh VIN . Mấy cây trần đây anh em ??
Siêu cổ GEE lại tiếp tục rít vào đường đua với họ nhà anh VIN . Mấy cây trần đây anh em ??
Siêu cổ GEE lại tiếp tục rít vào đường đua với họ nhà anh VIN . Mấy cây trần đây anh em ??"
Tùng Milano,,Tùú : 6 m l u 8 8 n  t á ·
Ẩn danh,,t d s o n r S e o p 6 4  h ú : 6 m l u 8 8 n  t á ·
Nguyễn Hữu Khoa,,"Nguyễn Hữ: 4 u 1 t  f m 0 t 3 4 0 á h 9 7 c u 3 c u u l 7  4 g ú 4 4 5 0  m c g c i 9   · NGÂN HÀNG DỰ BÁO BỨT PHÁ TRONG QUÝ III/2025. Theo MBS Research, lợi nhuận ngành ngân hàng quý III/2025 có thể tăng 21,5% YoY, vượt mức 18,7% của quý II. Ngân hàng tư nhân tiếp tục bứt tốc với tăng trưởng tín dụng ước đạt 18%, cao hơn hẳn mức 12% của nhóm quốc doanh. ==> Các cái tên đáng chú ý: VPB, HDB, LPB, TCB – được kỳ vọng duy trì đà tăng trưởng mạnh. ==> Triển vọng từ nay đến cuối năm: tín dụng duy trì tốc độ cao, đầu tư công thúc đẩy giải ngân, nợ xấu hạ nhiệt → bức tranh lợi nhuận ngành ngân hàng vẫn sáng sủa.  Bạn chưa biết mua cổ phiếu bank nào thì ib cho mình nhé."
Ẩn danh,,n o t d e r s S o p a n  m 0 8 7 9 g c : 4 u 1 t  f m 0 t 3 4 0 á h 9 7 c u 3 c u u l 7  4 g ú 4 4 5 0  m c g c i 9   ·
Ẩn danh,,"NGÂN HÀNG DỰ BÁO BỨT PHÁ TRONG QUÝ III/2025. Theo MBS Research, lợi nhuận ngành ngân hàng quý III/2025 có thể tăng 21,5% YoY, vượt mức 18,7% của quý II. Ngân hàng tư nhân tiếp tục bứt tốc với tăng trưởng tín dụng ước đạt 18%, cao hơn hẳn mức 12% của nhóm quốc doanh. ==> Các cái tên đáng chú ý: VPB, HDB, LPB, TCB – được kỳ vọng duy trì đà tăng trưởng mạnh. ==> Triển vọng từ nay đến cuối năm: tín dụng duy trì tốc độ cao, đầu tư công thúc đẩy giải ngân, nợ xấu hạ nhiệt → bức tranh lợi nhuận ngành ngân hàng vẫn sáng sủa.  Bạn chưa biết mua cổ phiếu bank nào thì ib cho mình nhé."
Ẩn danh,,"Theo MBS Research, lợi nhuận ngành ngân hàng quý III/2025 có thể tăng 21,5% YoY, vượt mức 18,7% của quý II."
Ẩn danh,,"Ngân hàng tư nhân tiếp tục bứt tốc với tăng trưởng tín dụng ước đạt 18%, cao hơn hẳn mức 12% của nhóm quốc doanh. ==> Các cái tên đáng chú ý: VPB, HDB, LPB, TCB – được kỳ vọng duy trì đà tăng trưởng mạnh."
Ẩn danh,,"==> Triển vọng từ nay đến cuối năm: tín dụng duy trì tốc độ cao, đầu tư công thúc đẩy giải ngân, nợ xấu hạ nhiệt → bức tranh lợi nhuận ngành ngân hàng vẫn sáng sủa.  Bạn chưa biết mua cổ phiếu bank nào thì ib cho mình nhé."
Ẩn danh,,"Tại sao nhỏ lẻ thích mua đáy – bán đỉnh, và vì sao đa số thất bại?  Tâm lý chung:  •   Tham ở đáy: Giá rớt sâu ➜ nhiều người tin “đây là cơ hội ngàn vàng, càng rẻ càng mua”.  •   Sợ ở đỉnh: Khi giá tăng nóng ➜ nỗi lo “sắp sập” khiến họ vội vàng chốt lời.  Thực tế thị trường:  •   Đáy chỉ nhìn thấy rõ… sau khi đã qua.  •   Đỉnh chỉ lộ diện… khi cú rơi đầu tiên đã xảy ra. ⸻  Sai lầm phổ biến  •   Đoán trước đáy – đỉnh: Tin rằng có thể bắt chuẩn điểm xoay thị trường.  •   Theo đám đông: Tin tức, room chat, mạng xã hội liên tục hô hào khiến dễ bị cuốn theo.  •   Thiếu kế hoạch: Không đặt sẵn cắt lỗ/chốt lời → giữ lỗ nặng hoặc chốt non sớm. ⸻  Giải pháp bền vững  •   Theo xu hướng (Trend following): Chỉ mua khi xu hướng tăng đã xác nhận.  •   Đặt trước điểm cắt lỗ & mục tiêu chốt lời (ví dụ R:R 1:3).  •   Quản lý cảm xúc: Viết sẵn kế hoạch, không để tin tức dẫn dắt.  •   Chia lệnh – quản trị vốn: Không all-in tại một điểm giá. ⸻  Kết: Đầu tư không phải trò may rủi.  Kỷ luật & quản trị vốn mới là vũ khí giúp nhà đầu tư nhỏ lẻ đi đường dài.
Tại sao nhỏ lẻ thích mua đáy – bán đỉnh, và vì sao đa số thất bại?  Tâm lý chung:  •   Tham ở đáy: Giá rớt sâu ➜ nhiều người tin “đây là cơ hội ngàn vàng, càng rẻ càng mua”.  •   Sợ ở đỉnh: Khi giá tăng nóng ➜ nỗi lo “sắp sập” khiến họ vội vàng chốt lời.  Thực tế thị trường:  •   Đáy chỉ nhìn thấy rõ… sau khi đã qua.  •   Đỉnh chỉ lộ diện… khi cú rơi đầu tiên đã xảy ra. ⸻  Sai lầm phổ biến  •   Đoán trước đáy – đỉnh: Tin rằng có thể bắt chuẩn điểm xoay thị trường.  •   Theo đám đông: Tin tức, room chat, mạng xã hội liên tục hô hào khiến dễ bị cuốn theo.  •   Thiếu kế hoạch: Không đặt sẵn cắt lỗ/chốt lời → giữ lỗ nặng hoặc chốt non sớm. ⸻  Giải pháp bền vững  •   Theo xu hướng (Trend following): Chỉ mua khi xu hướng tăng đã xác nhận.  •   Đặt trước điểm cắt lỗ & mục tiêu chốt lời (ví dụ R:R 1:3).  •   Quản lý cảm xúc: Viết sẵn kế hoạch, không để tin tức dẫn dắt.  •   Chia lệnh – quản trị vốn: Không all-in tại một điểm giá. ⸻  Kết: Đầu tư không phải trò may rủi.  Kỷ luật & quản trị vốn mới là vũ khí giúp nhà đầu tư nhỏ lẻ đi đường dài.
Tại sao nhỏ lẻ thích mua đáy – bán đỉnh, và vì sao đa số thất bại?  Tâm lý chung:  •   Tham ở đáy: Giá rớt sâu ➜ nhiều người tin “đây là cơ hội ngàn vàng, càng rẻ càng mua”.  •   Sợ ở đỉnh: Khi giá tăng nóng ➜ nỗi lo “sắp sập” khiến họ vội vàng chốt lời.  Thực tế thị trường:  •   Đáy chỉ nhìn thấy rõ… sau khi đã qua.  •   Đỉnh chỉ lộ diện… khi cú rơi đầu tiên đã xảy ra. ⸻  Sai lầm phổ biến  •   Đoán trước đáy – đỉnh: Tin rằng có thể bắt chuẩn điểm xoay thị trường.  •   Theo đám đông: Tin tức, room chat, mạng xã hội liên tục hô hào khiến dễ bị cuốn theo.  •   Thiếu kế hoạch: Không đặt sẵn cắt lỗ/chốt lời → giữ lỗ nặng hoặc chốt non sớm. ⸻  Giải pháp bền vững  •   Theo xu hướng (Trend following): Chỉ mua khi xu hướng tăng đã xác nhận.  •   Đặt trước điểm cắt lỗ & mục tiêu chốt lời (ví dụ R:R 1:3).  •   Quản lý cảm xúc: Viết sẵn kế hoạch, không để tin tức dẫn dắt.  •   Chia lệnh – quản trị vốn: Không all-in tại một điểm giá. ⸻  Kết: Đầu tư không phải trò may rủi.  Kỷ luật & quản trị vốn mới là vũ khí giúp nhà đầu tư nhỏ lẻ đi đường dài.
Tại sao nhỏ lẻ thích mua đáy – bán đỉnh, và vì sao đa số thất bại?  Tâm lý chung:  •   Tham ở đáy: Giá rớt sâu ➜ nhiều người tin “đây là cơ hội ngàn vàng, càng rẻ càng mua”.  •   Sợ ở đỉnh: Khi giá tăng nóng ➜ nỗi lo “sắp sập” khiến họ vội vàng chốt lời.  Thực tế thị trường:  •   Đáy chỉ nhìn thấy rõ… sau khi đã qua.  •   Đỉnh chỉ lộ diện… khi cú rơi đầu tiên đã xảy ra. ⸻  Sai lầm phổ biến  •   Đoán trước đáy – đỉnh: Tin rằng có thể bắt chuẩn điểm xoay thị trường.  •   Theo đám đông: Tin tức, room chat, mạng xã hội liên tục hô hào khiến dễ bị cuốn theo.  •   Thiếu kế hoạch: Không đặt sẵn cắt lỗ/chốt lời → giữ lỗ nặng hoặc chốt non sớm. ⸻  Giải pháp bền vững  •   Theo xu hướng (Trend following): Chỉ mua khi xu hướng tăng đã xác nhận.  •   Đặt trước điểm cắt lỗ & mục tiêu chốt lời (ví dụ R:R 1:3).  •   Quản lý cảm xúc: Viết sẵn kế hoạch, không để tin tức dẫn dắt.  •   Chia lệnh – quản trị vốn: Không all-in tại một điểm giá. ⸻  Kết: Đầu tư không phải trò may rủi.  Kỷ luật & quản trị vốn mới là vũ khí giúp nhà đầu tư nhỏ lẻ đi đường dài.
Tại sao nhỏ lẻ thích mua đáy – bán đỉnh, và vì sao đa số thất bại?
Tại sao nhỏ lẻ thích mua đáy – bán đỉnh, và vì sao đa số thất bại?
Tâm lý chung:  •   Tham ở đáy: Giá rớt sâu ➜ nhiều người tin “đây là cơ hội ngàn vàng, càng rẻ càng mua”.  •   Sợ ở đỉnh: Khi giá tăng nóng ➜ nỗi lo “sắp sập” khiến họ vội vàng chốt lời.
Tâm lý chung:
•   Tham ở đáy: Giá rớt sâu ➜ nhiều người tin “đây là cơ hội ngàn vàng, càng rẻ càng mua”.
•   Sợ ở đỉnh: Khi giá tăng nóng ➜ nỗi lo “sắp sập” khiến họ vội vàng chốt lời.
Thực tế thị trường:  •   Đáy chỉ nhìn thấy rõ… sau khi đã qua.  •   Đỉnh chỉ lộ diện… khi cú rơi đầu tiên đã xảy ra.
Thực tế thị trường:
•   Đáy chỉ nhìn thấy rõ… sau khi đã qua.
•   Đỉnh chỉ lộ diện… khi cú rơi đầu tiên đã xảy ra.
⸻
⸻
Sai lầm phổ biến  •   Đoán trước đáy – đỉnh: Tin rằng có thể bắt chuẩn điểm xoay thị trường.  •   Theo đám đông: Tin tức, room chat, mạng xã hội liên tục hô hào khiến dễ bị cuốn theo.  •   Thiếu kế hoạch: Không đặt sẵn cắt lỗ/chốt lời → giữ lỗ nặng hoặc chốt non sớm.
Sai lầm phổ biến
•   Đoán trước đáy – đỉnh: Tin rằng có thể bắt chuẩn điểm xoay thị trường.
•   Theo đám đông: Tin tức, room chat, mạng xã hội liên tục hô hào khiến dễ bị cuốn theo.
•   Thiếu kế hoạch: Không đặt sẵn cắt lỗ/chốt lời → giữ lỗ nặng hoặc chốt non sớm.
⸻
⸻
Giải pháp bền vững  •   Theo xu hướng (Trend following): Chỉ mua khi xu hướng tăng đã xác nhận.  •   Đặt trước điểm cắt lỗ & mục tiêu chốt lời (ví dụ R:R 1:3).  •   Quản lý cảm xúc: Viết sẵn kế hoạch, không để tin tức dẫn dắt.  •   Chia lệnh – quản trị vốn: Không all-in tại một điểm giá.
Giải pháp bền vững
•   Theo xu hướng (Trend following): Chỉ mua khi xu hướng tăng đã xác nhận.
•   Đặt trước điểm cắt lỗ & mục tiêu chốt lời (ví dụ R:R 1:3).
•   Quản lý cảm xúc: Viết sẵn kế hoạch, không để tin tức dẫn dắt.
•   Chia lệnh – quản trị vốn: Không all-in tại một điểm giá.
⸻
⸻
Kết: Đầu tư không phải trò may rủi.  Kỷ luật & quản trị vốn mới là vũ khí giúp nhà đầu tư nhỏ lẻ đi đường dài.
Kết:
Đầu tư không phải trò may rủi.
Kỷ luật & quản trị vốn mới là vũ khí giúp nhà đầu tư nhỏ lẻ đi đường dài.
HDC cổ phiếu tiềm năng giai đoạn sắp tới. Sau bước 1 cổ phiếu chạy đà thoát khỏi vùng tích luỹ đi ngang 2 năm. Cổ phiếu đã tạo vùng tái tích luỹ phía trên. Với 2 lần test lại khu vực hỗ trợ, khối lượng bắt đầu cạn kiệt.     Chuẩn bị cho 1 nhịp lên sắp tới
HDC cổ phiếu tiềm năng giai đoạn sắp tới. Sau bước 1 cổ phiếu chạy đà thoát khỏi vùng tích luỹ đi ngang 2 năm. Cổ phiếu đã tạo vùng tái tích luỹ phía trên. Với 2 lần test lại khu vực hỗ trợ, khối lượng bắt đầu cạn kiệt.     Chuẩn bị cho 1 nhịp lên sắp tới
HDC cổ phiếu tiềm năng giai đoạn sắp tới. Sau bước 1 cổ phiếu chạy đà thoát khỏi vùng tích luỹ đi ngang 2 năm. Cổ phiếu đã tạo vùng tái tích luỹ phía trên. Với 2 lần test lại khu vực hỗ trợ, khối lượng bắt đầu cạn kiệt.     Chuẩn bị cho 1 nhịp lên sắp tới
HDC cổ phiếu tiềm năng giai đoạn sắp tới. Sau bước 1 cổ phiếu chạy đà thoát khỏi vùng tích luỹ đi ngang 2 năm. Cổ phiếu đã tạo vùng tái tích luỹ phía trên. Với 2 lần test lại khu vực hỗ trợ, khối lượng bắt đầu cạn kiệt.     Chuẩn bị cho 1 nhịp lên sắp tới
HDC cổ phiếu tiềm năng giai đoạn sắp tới. Sau bước 1 cổ phiếu chạy đà thoát khỏi vùng tích luỹ đi ngang 2 năm. Cổ phiếu đã tạo vùng tái tích luỹ phía trên. Với 2 lần test lại khu vực hỗ trợ, khối lượng bắt đầu cạn kiệt.     Chuẩn bị cho 1 nhịp lên sắp tới
HDC cổ phiếu tiềm năng giai đoạn sắp tới. Sau bước 1 cổ phiếu chạy đà thoát khỏi vùng tích luỹ đi ngang 2 năm. Cổ phiếu đã tạo vùng tái tích luỹ phía trên. Với 2 lần test lại khu vực hỗ trợ, khối lượng bắt đầu cạn kiệt.     Chuẩn bị cho 1 nhịp lên sắp tới"
Ẩn danh,,"Forex đầu tư thôú g  c  m 0 g : u h n 0 0 h 3 1 l 4 á 9 u g h 4 4 l 3 h a   · Tin đầu ngày 29.09.2025: PCE ưa thích của Fed không thay đổi kỳ vọng thị trường Chứng khoán US500: +0,50% US100: +0,25% US2000: +0,70% Tiền tệ EURUSD: +0,33% USDIDX: -0,25% Hàng hóa Bạc: +3,00% Vàng: +0,8% Dầu: +0,5% Tin quan trọng Dữ liệu kinh tế Mỹ: - Dữ liệu lạm phát PCE phù hợp với kỳ vọng, với lạm phát cốt lõi ở mức 2,9% so với cùng kỳ năm trước và lạm phát tiêu đề ở mức 2,7% so với cùng kỳ năm trước. - Thomas Barkin từ Fed lưu ý rằng dữ liệu sắp tới sẽ quyết định các đợt cắt giảm lãi suất trong tương lai, nhấn mạnh nhu cầu tập trung hơn vào mục tiêu việc làm, với tình hình thất nghiệp có vẻ không ổn định nhưng lạm phát đang cải thiện. - Tâm lý người tiêu dùng Mỹ suy giảm khoảng 5% trong tháng 9, với kỳ vọng lạm phát một năm ở mức 4,7% (giảm nhẹ) và kỳ vọng dài hạn ở mức 3,7% (xu hướng tăng). Dữ liệu kinh tế Canada: - Tăng trưởng GDP hàng tháng của Canada là 0,2%, vượt kỳ vọng 0,1% sau mức giảm -0,1% trước đó. Tình hình thị trường: - IBM đang củng cố vị thế trong lĩnh vực tính toán lượng tử và trí tuệ nhân tạo. - Tổng thống Donald Trump ký sắc lệnh hạn chế quyền kiểm soát của ByteDance đối với công ty của mình ở mức tối đa 20%, với nhóm nhà đầu tư do Mỹ dẫn đầu (bao gồm Oracle, Silver Lake và MGX) nắm giữ khoảng 45% và 35% còn lại thuộc về các nhà đầu tư khác. - Giá dầu tăng gần 0,5%, bị ảnh hưởng bởi áp lực của Trump đối với các nhà lãnh đạo như Erdogan và Orban để ngừng mua năng lượng Nga nhằm chấm dứt chiến tranh ở Ukraine. - Thị trường kim loại quý tăng mạnh, với bạc tăng gần 3,0% và vàng tăng 0,8%. Thị trường tiền điện tử: - Thị trường tiền điện tử đang phục hồi sau các đợt thanh lý gần đây, với Bitcoin tăng 0,90% lên trên 110.000 USD và Ethereum tăng 4,00% lên 4.030 USD. Thích Bình luận Chia sẻ  Bình luận dưới tên Huy Huy"
Ẩn danh,,Forex đầu tư thông minh
Ẩn danh,,ú g  c  m 0 g : u h n 0 0 h 3 1 l 4 á 9 u g h 4 4 l 3 h a   ·
Ẩn danh,,"Tin đầu ngày 29.09.2025: PCE ưa thích của Fed không thay đổi kỳ vọng thị trường Chứng khoán US500: +0,50% US100: +0,25% US2000: +0,70% Tiền tệ EURUSD: +0,33% USDIDX: -0,25% Hàng hóa Bạc: +3,00% Vàng: +0,8% Dầu: +0,5% Tin quan trọng Dữ liệu kinh tế Mỹ: - Dữ liệu lạm phát PCE phù hợp với kỳ vọng, với lạm phát cốt lõi ở mức 2,9% so với cùng kỳ năm trước và lạm phát tiêu đề ở mức 2,7% so với cùng kỳ năm trước. - Thomas Barkin từ Fed lưu ý rằng dữ liệu sắp tới sẽ quyết định các đợt cắt giảm lãi suất trong tương lai, nhấn mạnh nhu cầu tập trung hơn vào mục tiêu việc làm, với tình hình thất nghiệp có vẻ không ổn định nhưng lạm phát đang cải thiện. - Tâm lý người tiêu dùng Mỹ suy giảm khoảng 5% trong tháng 9, với kỳ vọng lạm phát một năm ở mức 4,7% (giảm nhẹ) và kỳ vọng dài hạn ở mức 3,7% (xu hướng tăng). Dữ liệu kinh tế Canada: - Tăng trưởng GDP hàng tháng của Canada là 0,2%, vượt kỳ vọng 0,1% sau mức giảm -0,1% trước đó. Tình hình thị trường: - IBM đang củng cố vị thế trong lĩnh vực tính toán lượng tử và trí tuệ nhân tạo. - Tổng thống Donald Trump ký sắc lệnh hạn chế quyền kiểm soát của ByteDance đối với công ty của mình ở mức tối đa 20%, với nhóm nhà đầu tư do Mỹ dẫn đầu (bao gồm Oracle, Silver Lake và MGX) nắm giữ khoảng 45% và 35% còn lại thuộc về các nhà đầu tư khác. - Giá dầu tăng gần 0,5%, bị ảnh hưởng bởi áp lực của Trump đối với các nhà lãnh đạo như Erdogan và Orban để ngừng mua năng lượng Nga nhằm chấm dứt chiến tranh ở Ukraine. - Thị trường kim loại quý tăng mạnh, với bạc tăng gần 3,0% và vàng tăng 0,8%. Thị trường tiền điện tử: - Thị trường tiền điện tử đang phục hồi sau các đợt thanh lý gần đây, với Bitcoin tăng 0,90% lên trên 110.000 USD và Ethereum tăng 4,00% lên 4.030 USD."
Ẩn danh,,Dữ liệu kinh tế Mỹ:
Ẩn danh,,"- Dữ liệu lạm phát PCE phù hợp với kỳ vọng, với lạm phát cốt lõi ở mức 2,9% so với cùng kỳ năm trước và lạm phát tiêu đề ở mức 2,7% so với cùng kỳ năm trước."
Ẩn danh,,"- Thomas Barkin từ Fed lưu ý rằng dữ liệu sắp tới sẽ quyết định các đợt cắt giảm lãi suất trong tương lai, nhấn mạnh nhu cầu tập trung hơn vào mục tiêu việc làm, với tình hình thất nghiệp có vẻ không ổn định nhưng lạm phát đang cải thiện."
Ẩn danh,,"- Tâm lý người tiêu dùng Mỹ suy giảm khoảng 5% trong tháng 9, với kỳ vọng lạm phát một năm ở mức 4,7% (giảm nhẹ) và kỳ vọng dài hạn ở mức 3,7% (xu hướng tăng)."
Ẩn danh,,Dữ liệu kinh tế Canada:
Ẩn danh,,"- Tăng trưởng GDP hàng tháng của Canada là 0,2%, vượt kỳ vọng 0,1% sau mức giảm -0,1% trước đó."
Ẩn danh,,Tình hình thị trường:
Ẩn danh,,- IBM đang củng cố vị thế trong lĩnh vực tính toán lượng tử và trí tuệ nhân tạo.
Ẩn danh,,"- Tổng thống Donald Trump ký sắc lệnh hạn chế quyền kiểm soát của ByteDance đối với công ty của mình ở mức tối đa 20%, với nhóm nhà đầu tư do Mỹ dẫn đầu (bao gồm Oracle, Silver Lake và MGX) nắm giữ khoảng 45% và 35% còn lại thuộc về các nhà đầu tư khác."
Ẩn danh,,"- Giá dầu tăng gần 0,5%, bị ảnh hưởng bởi áp lực của Trump đối với các nhà lãnh đạo như Erdogan và Orban để ngừng mua năng lượng Nga nhằm chấm dứt chiến tranh ở Ukraine."
Ẩn danh,,"- Thị trường kim loại quý tăng mạnh, với bạc tăng gần 3,0% và vàng tăng 0,8%."
Ẩn danh,,Thị trường tiền điện tử:
Ẩn danh,,"- Thị trường tiền điện tử đang phục hồi sau các đợt thanh lý gần đây, với Bitcoin tăng 0,90% lên trên 110.000 USD và Ethereum tăng 4,00% lên 4.030 USD."
Vũ Dương,2025-09-29 17:38:21,"Tại sao nhỏ lẻ thích mua đáy – bán đỉnh, và vì sao đa số thất bại?  Tâm lý chung:  •   Tham ở đáy: Giá rớt sâu ➜ nhiều người tin “đây là cơ hội ngàn vàng, càng rẻ càng mua”.  •   Sợ ở đỉnh: Khi giá tăng nóng ➜ nỗi lo “sắp sập” khiến họ vội vàng chốt lời.  Thực tế thị trường:  •   Đáy chỉ nhìn thấy rõ… sau khi đã qua.  •   Đỉnh chỉ lộ diện… khi cú rơi đầu tiên đã xảy ra. ⸻  Sai lầm phổ biến  •   Đoán trước đáy – đỉnh: Tin rằng có thể bắt chuẩn điểm xoay thị trường.  •   Theo đám đông: Tin tức, room chat, mạng xã hội liên tục hô hào khiến dễ bị cuốn theo.  •   Thiếu kế hoạch: Không đặt sẵn cắt lỗ/chốt lời → giữ lỗ nặng hoặc chốt non sớm. ⸻  Giải pháp bền vững  •   Theo xu hướng (Trend following): Chỉ mua khi xu hướng tăng đã xác nhận.  •   Đặt trước điểm cắt lỗ & mục tiêu chốt lời (ví dụ R:R 1:3).  •   Quản lý cảm xúc: Viết sẵn kế hoạch, không để tin tức dẫn dắt.  •   Chia lệnh – quản trị vốn: Không all-in tại một điểm giá. ⸻  Kết: Đầu tư không phải trò may rủi.  Kỷ luật & quản trị vốn mới là vũ khí giúp nhà đầu tư nhỏ lẻ đi đường dài.
Tại sao nhỏ lẻ thích mua đáy – bán đỉnh, và vì sao đa số thất bại?  Tâm lý chung:  •   Tham ở đáy: Giá rớt sâu ➜ nhiều người tin “đây là cơ hội ngàn vàng, càng rẻ càng mua”.  •   Sợ ở đỉnh: Khi giá tăng nóng ➜ nỗi lo “sắp sập” khiến họ vội vàng chốt lời.  Thực tế thị trường:  •   Đáy chỉ nhìn thấy rõ… sau khi đã qua.  •   Đỉnh chỉ lộ diện… khi cú rơi đầu tiên đã xảy ra. ⸻  Sai lầm phổ biến  •   Đoán trước đáy – đỉnh: Tin rằng có thể bắt chuẩn điểm xoay thị trường.  •   Theo đám đông: Tin tức, room chat, mạng xã hội liên tục hô hào khiến dễ bị cuốn theo.  •   Thiếu kế hoạch: Không đặt sẵn cắt lỗ/chốt lời → giữ lỗ nặng hoặc chốt non sớm. ⸻  Giải pháp bền vững  •   Theo xu hướng (Trend following): Chỉ mua khi xu hướng tăng đã xác nhận.  •   Đặt trước điểm cắt lỗ & mục tiêu chốt lời (ví dụ R:R 1:3).  •   Quản lý cảm xúc: Viết sẵn kế hoạch, không để tin tức dẫn dắt.  •   Chia lệnh – quản trị vốn: Không all-in tại một điểm giá. ⸻  Kết: Đầu tư không phải trò may rủi.  Kỷ luật & quản trị vốn mới là vũ khí giúp nhà đầu tư nhỏ lẻ đi đường dài.
Tại sao nhỏ lẻ thích mua đáy – bán đỉnh, và vì sao đa số thất bại?  Tâm lý chung:  •   Tham ở đáy: Giá rớt sâu ➜ nhiều người tin “đây là cơ hội ngàn vàng, càng rẻ càng mua”.  •   Sợ ở đỉnh: Khi giá tăng nóng ➜ nỗi lo “sắp sập” khiến họ vội vàng chốt lời.  Thực tế thị trường:  •   Đáy chỉ nhìn thấy rõ… sau khi đã qua.  •   Đỉnh chỉ lộ diện… khi cú rơi đầu tiên đã xảy ra. ⸻  Sai lầm phổ biến  •   Đoán trước đáy – đỉnh: Tin rằng có thể bắt chuẩn điểm xoay thị trường.  •   Theo đám đông: Tin tức, room chat, mạng xã hội liên tục hô hào khiến dễ bị cuốn theo.  •   Thiếu kế hoạch: Không đặt sẵn cắt lỗ/chốt lời → giữ lỗ nặng hoặc chốt non sớm. ⸻  Giải pháp bền vững  •   Theo xu hướng (Trend following): Chỉ mua khi xu hướng tăng đã xác nhận.  •   Đặt trước điểm cắt lỗ & mục tiêu chốt lời (ví dụ R:R 1:3).  •   Quản lý cảm xúc: Viết sẵn kế hoạch, không để tin tức dẫn dắt.  •   Chia lệnh – quản trị vốn: Không all-in tại một điểm giá. ⸻  Kết: Đầu tư không phải trò may rủi.  Kỷ luật & quản trị vốn mới là vũ khí giúp nhà đầu tư nhỏ lẻ đi đường dài.
Tại sao nhỏ lẻ thích mua đáy – bán đỉnh, và vì sao đa số thất bại?  Tâm lý chung:  •   Tham ở đáy: Giá rớt sâu ➜ nhiều người tin “đây là cơ hội ngàn vàng, càng rẻ càng mua”.  •   Sợ ở đỉnh: Khi giá tăng nóng ➜ nỗi lo “sắp sập” khiến họ vội vàng chốt lời.  Thực tế thị trường:  •   Đáy chỉ nhìn thấy rõ… sau khi đã qua.  •   Đỉnh chỉ lộ diện… khi cú rơi đầu tiên đã xảy ra. ⸻  Sai lầm phổ biến  •   Đoán trước đáy – đỉnh: Tin rằng có thể bắt chuẩn điểm xoay thị trường.  •   Theo đám đông: Tin tức, room chat, mạng xã hội liên tục hô hào khiến dễ bị cuốn theo.  •   Thiếu kế hoạch: Không đặt sẵn cắt lỗ/chốt lời → giữ lỗ nặng hoặc chốt non sớm. ⸻  Giải pháp bền vững  •   Theo xu hướng (Trend following): Chỉ mua khi xu hướng tăng đã xác nhận.  •   Đặt trước điểm cắt lỗ & mục tiêu chốt lời (ví dụ R:R 1:3).  •   Quản lý cảm xúc: Viết sẵn kế hoạch, không để tin tức dẫn dắt.  •   Chia lệnh – quản trị vốn: Không all-in tại một điểm giá. ⸻  Kết: Đầu tư không phải trò may rủi.  Kỷ luật & quản trị vốn mới là vũ khí giúp nhà đầu tư nhỏ lẻ đi đường dài.
Tại sao nhỏ lẻ thích mua đáy – bán đỉnh, và vì sao đa số thất bại?
Tại sao nhỏ lẻ thích mua đáy – bán đỉnh, và vì sao đa số thất bại?
Tâm lý chung:  •   Tham ở đáy: Giá rớt sâu ➜ nhiều người tin “đây là cơ hội ngàn vàng, càng rẻ càng mua”.  •   Sợ ở đỉnh: Khi giá tăng nóng ➜ nỗi lo “sắp sập” khiến họ vội vàng chốt lời.
Tâm lý chung:
•   Tham ở đáy: Giá rớt sâu ➜ nhiều người tin “đây là cơ hội ngàn vàng, càng rẻ càng mua”.
•   Sợ ở đỉnh: Khi giá tăng nóng ➜ nỗi lo “sắp sập” khiến họ vội vàng chốt lời.
Thực tế thị trường:  •   Đáy chỉ nhìn thấy rõ… sau khi đã qua.  •   Đỉnh chỉ lộ diện… khi cú rơi đầu tiên đã xảy ra.
Thực tế thị trường:
•   Đáy chỉ nhìn thấy rõ… sau khi đã qua.
•   Đỉnh chỉ lộ diện… khi cú rơi đầu tiên đã xảy ra.
⸻
⸻
Sai lầm phổ biến  •   Đoán trước đáy – đỉnh: Tin rằng có thể bắt chuẩn điểm xoay thị trường.  •   Theo đám đông: Tin tức, room chat, mạng xã hội liên tục hô hào khiến dễ bị cuốn theo.  •   Thiếu kế hoạch: Không đặt sẵn cắt lỗ/chốt lời → giữ lỗ nặng hoặc chốt non sớm.
Sai lầm phổ biến
•   Đoán trước đáy – đỉnh: Tin rằng có thể bắt chuẩn điểm xoay thị trường.
•   Theo đám đông: Tin tức, room chat, mạng xã hội liên tục hô hào khiến dễ bị cuốn theo.
•   Thiếu kế hoạch: Không đặt sẵn cắt lỗ/chốt lời → giữ lỗ nặng hoặc chốt non sớm.
⸻
⸻
Giải pháp bền vững  •   Theo xu hướng (Trend following): Chỉ mua khi xu hướng tăng đã xác nhận.  •   Đặt trước điểm cắt lỗ & mục tiêu chốt lời (ví dụ R:R 1:3).  •   Quản lý cảm xúc: Viết sẵn kế hoạch, không để tin tức dẫn dắt.  •   Chia lệnh – quản trị vốn: Không all-in tại một điểm giá.
Giải pháp bền vững
•   Theo xu hướng (Trend following): Chỉ mua khi xu hướng tăng đã xác nhận.
•   Đặt trước điểm cắt lỗ & mục tiêu chốt lời (ví dụ R:R 1:3).
•   Quản lý cảm xúc: Viết sẵn kế hoạch, không để tin tức dẫn dắt.
•   Chia lệnh – quản trị vốn: Không all-in tại một điểm giá.
⸻
⸻
Kết: Đầu tư không phải trò may rủi.  Kỷ luật & quản trị vốn mới là vũ khí giúp nhà đầu tư nhỏ lẻ đi đường dài.
Kết:
Đầu tư không phải trò may rủi.
Kỷ luật & quản trị vốn mới là vũ khí giúp nhà đầu tư nhỏ lẻ đi đường dài."
Vũ Dương,,Vũ Dương o d p e o S t n r s h n ú : m 9 m 0 2 0 3 2 c 0 0 4 t 1 á c   ·
Ẩn danh,,o d p e o S t n r s h n ú : m 9 m 0 2 0 3 2 c 0 0 4 t 1 á c   ·
Ẩn danh,,Xem thêm câu trả lời
Ẩn danh,2025-09-29 17:38:28,Tiến Hoàn Tôi đầu tư chứng khoán hơn 13 năm chỉ sử dụng đồ thị khung tháng và luôn chiến thắng còn các anh em đi đầu tư sử dụng khung giờ với khung phút thì chắc chắn nằm trong 95% thua lỗ 3 ngày Thích Trả lời Chia sẻ Xem tất cả 4 phản hồi
Ẩn danh,,Xem tất cả 4 phản hồi
Ẩn danh,2025-09-25 17:38:29,Nguyen Thanh Hieu Làm ngược lại 1 tuần Thích Trả lời Chia sẻ
Đinh Quang Huy,,"HDC cổ phiếu tiềm năng giai đoạn sắp tới. Sau bước 1 cổ phiếu chạy đà thoát khỏi vùng tích luỹ đi ngang 2 năm. Cổ phiếu đã tạo vùng tái tích luỹ phía trên. Với 2 lần test lại khu vực hỗ trợ, khối lượng bắt đầu cạn kiệt.     Chuẩn bị cho 1 nhịp lên sắp tới
HDC cổ phiếu tiềm năng giai đoạn sắp tới. Sau bước 1 cổ phiếu chạy đà thoát khỏi vùng tích luỹ đi ngang 2 năm. Cổ phiếu đã tạo vùng tái tích luỹ phía trên. Với 2 lần test lại khu vực hỗ trợ, khối lượng bắt đầu cạn kiệt.     Chuẩn bị cho 1 nhịp lên sắp tới
HDC cổ phiếu tiềm năng giai đoạn sắp tới. Sau bước 1 cổ phiếu chạy đà thoát khỏi vùng tích luỹ đi ngang 2 năm. Cổ phiếu đã tạo vùng tái tích luỹ phía trên. Với 2 lần test lại khu vực hỗ trợ, khối lượng bắt đầu cạn kiệt.     Chuẩn bị cho 1 nhịp lên sắp tới
HDC cổ phiếu tiềm năng giai đoạn sắp tới. Sau bước 1 cổ phiếu chạy đà thoát khỏi vùng tích luỹ đi ngang 2 năm. Cổ phiếu đã tạo vùng tái tích luỹ phía trên. Với 2 lần test lại khu vực hỗ trợ, khối lượng bắt đầu cạn kiệt.     Chuẩn bị cho 1 nhịp lên sắp tới
HDC cổ phiếu tiềm năng giai đoạn sắp tới. Sau bước 1 cổ phiếu chạy đà thoát khỏi vùng tích luỹ đi ngang 2 năm. Cổ phiếu đã tạo vùng tái tích luỹ phía trên. Với 2 lần test lại khu vực hỗ trợ, khối lượng bắt đầu cạn kiệt.     Chuẩn bị cho 1 nhịp lên sắp tới
HDC cổ phiếu tiềm năng giai đoạn sắp tới. Sau bước 1 cổ phiếu chạy đà thoát khỏi vùng tích luỹ đi ngang 2 năm. Cổ phiếu đã tạo vùng tái tích luỹ phía trên. Với 2 lần test lại khu vực hỗ trợ, khối lượng bắt đầu cạn kiệt.     Chuẩn bị cho 1 nhịp lên sắp tới"
Đinh Quang Huy,,Đú : m 4 m 0 2 0 3 2 c 0 0 4 t 1 á c   ·
Master Được,2025-09-29 17:38:32,Master Được o d p e o S t n r s h n ú : m 4 m 0 2 0 3 2 c 0 0 4 t 1 á c   · Định luật Pareto (80/20) trong đầu tư chứng khoán 20% thời gian trong thị trường tạo ra 80% tăng trưởng: phần lớn thời gian thị trường đi ngang hoặc giảm 20% cổ phiếu mang lại 80% lợi nhuận: 20% cổ phiếu dẫn dắt toàn thị trường (VNINDEX) 20% thông tin giúp 80% ra quyết định: hầu hết tin tức toàn là rác 20% giao dịch tạo ra 80% lợi nhuận: chỉ có vài giao dịch có lời (nhưng bán non) Bí mật ở trong tường Theo Master Được Thích Bình luận Chia sẻ Dương Minh Đạm Áp dụng Pareto vào đầu tư hay quá! Tìm 20% bí mật nào ae ơi 3 ngày Thích Trả lời Chia sẻ  Bình luận dưới tên Huy Huy
Master Được,,Master Được o d p e o S t n r s h n ú : m 4 m 0 2 0 3 2 c 0 0 4 t 1 á c   ·
Ẩn danh,,Định luật Pareto (80/20) trong đầu tư chứng khoán 20% thời gian trong thị trường tạo ra 80% tăng trưởng: phần lớn thời gian thị trường đi ngang hoặc giảm 20% cổ phiếu mang lại 80% lợi nhuận: 20% cổ phiếu dẫn dắt toàn thị trường (VNINDEX) 20% thông tin giúp 80% ra quyết định: hầu hết tin tức toàn là rác 20% giao dịch tạo ra 80% lợi nhuận: chỉ có vài giao dịch có lời (nhưng bán non) Bí mật ở trong tường Theo Master Được
Ẩn danh,,20% thời gian trong thị trường tạo ra 80% tăng trưởng: phần lớn thời gian thị trường đi ngang hoặc giảm
Ẩn danh,,20% cổ phiếu mang lại 80% lợi nhuận: 20% cổ phiếu dẫn dắt toàn thị trường (VNINDEX)
Ẩn danh,,20% thông tin giúp 80% ra quyết định: hầu hết tin tức toàn là rác
Ẩn danh,,20% giao dịch tạo ra 80% lợi nhuận: chỉ có vài giao dịch có lời (nhưng bán non)
Ẩn danh,,Bí mật ở trong tường
Master Được,,Theo Master Được
Ẩn danh,2025-09-29 17:38:36,Dương Minh Đạm Áp dụng Pareto vào đầu tư hay quá! Tìm 20% bí mật nào ae ơi 3 ngày Thích Trả lời Chia sẻ
